,Unnamed: 0.1,Unnamed: 0,y0,y1,height,width,front_area,datetime_enter,datetime_leave,duration,class_1,class_2,timedelta_start,timedelta_end,audio_start_s,audio_end_s,entry,exit,filename,train
0,0,28,225,393,188,168,31584,2022-09-22 10:05:20.708,2022-09-22 10:05:21.255,0.547,medium,medium,0 days 00:00:10.708000,0 days 00:00:11.255000,9,11,10.708,11.255,train_0.wav,True
1,1,30,147,312,185,165,30525,2022-09-22 10:05:58.322,2022-09-22 10:05:58.682,0.36,medium,medium,0 days 00:00:48.322000,0 days 00:00:48.682000,47,49,48.322,48.682,train_1.wav,True
2,2,32,344,590,340,246,83640,2022-09-22 10:06:33.510,2022-09-22 10:06:35.804,2.294,large,large,0 days 00:01:23.510000,0 days 00:01:25.804000,83,85,83.51,85.804,train_2.wav,True
3,3,34,362,539,145,177,25665,2022-09-22 10:06:53.551,2022-09-22 10:06:53.964,0.413,medium,medium_big,0 days 00:01:43.551000,0 days 00:01:43.964000,102,104,103.551,103.964,train_3.wav,True
4,4,36,471,542,158,71,11218,2022-09-22 10:07:05.711,2022-09-22 10:07:05.831,0.12,small,small,0 days 00:01:55.711000,0 days 00:01:55.831000,114,116,115.711,115.831,train_4.wav,True
5,5,38,294,364,169,70,11830,2022-09-22 10:07:06.245,2022-09-22 10:07:06.351,0.106,small,small,0 days 00:01:56.245000,0 days 00:01:56.351000,115,117,116.245,116.351,train_5.wav,True
6,6,40,372,542,200,170,34000,2022-09-22 10:07:54.300,2022-09-22 10:07:54.820,0.52,medium,medium,0 days 00:02:44.300000,0 days 00:02:44.820000,163,165,164.3,164.82000000000002,train_6.wav,True
7,7,42,95,294,194,199,38606,2022-09-22 10:09:27.890,2022-09-22 10:09:28.344,0.454,medium,medium_big,0 days 00:04:17.890000,0 days 00:04:18.344000,257,259,257.89000000000004,258.344,train_7.wav,True
8,8,44,399,558,169,159,26871,2022-09-22 10:09:36.264,2022-09-22 10:09:36.610,0.346,medium,medium_small,0 days 00:04:26.264000,0 days 00:04:26.610000,265,267,266.264,266.61,train_8.wav,True
9,9,46,75,317,339,242,82038,2022-09-22 10:09:48.970,2022-09-22 10:09:51.251,2.281,large,large,0 days 00:04:38.970000,0 days 00:04:41.251000,279,281,278.97,281.25100000000003,train_9.wav,True
10,10,48,140,317,167,177,29559,2022-09-22 10:09:53.425,2022-09-22 10:09:53.837,0.412,medium,medium_big,0 days 00:04:43.425000,0 days 00:04:43.837000,282,284,283.425,283.83700000000005,train_10.wav,True
11,11,50,77,264,250,187,46750,2022-09-22 10:10:00.185,2022-09-22 10:10:00.611,0.426,medium,medium_big,0 days 00:04:50.185000,0 days 00:04:50.611000,289,291,290.185,290.611,train_11.wav,True
12,12,52,491,555,179,64,11456,2022-09-22 10:10:12.905,2022-09-22 10:10:13.065,0.16,small,small,0 days 00:05:02.905000,0 days 00:05:03.065000,301,303,302.90500000000003,303.065,train_12.wav,True
13,13,54,166,317,152,151,22952,2022-09-22 10:10:33.292,2022-09-22 10:10:33.746,0.454,medium,medium_small,0 days 00:05:23.292000,0 days 00:05:23.746000,322,324,323.29200000000003,323.74600000000004,train_13.wav,True
14,14,56,86,244,146,158,23068,2022-09-22 10:10:35.599,2022-09-22 10:10:36.066,0.467,medium,medium_small,0 days 00:05:25.599000,0 days 00:05:26.066000,324,326,325.59900000000005,326.06600000000003,train_14.wav,True
15,15,58,386,554,196,168,32928,2022-09-22 10:10:53.879,2022-09-22 10:10:54.319,0.44,medium,medium,0 days 00:05:43.879000,0 days 00:05:44.319000,343,345,343.879,344.319,train_15.wav,True
16,16,60,86,257,159,171,27189,2022-09-22 10:11:08.627,2022-09-22 10:11:09.000,0.373,medium,medium_big,0 days 00:05:58.627000,0 days 00:05:59,357,359,358.627,359.0,train_16.wav,True
17,17,62,100,274,165,174,28710,2022-09-22 10:11:10.787,2022-09-22 10:11:11.173,0.386,medium,medium_big,0 days 00:06:00.787000,0 days 00:06:01.173000,359,361,360.787,361.173,train_17.wav,True
18,18,64,119,279,165,160,26400,2022-09-22 10:12:01.362,2022-09-22 10:12:01.775,0.413,medium,medium_small,0 days 00:06:51.362000,0 days 00:06:51.775000,410,412,411.362,411.775,train_18.wav,True
19,19,66,331,493,183,162,29646,2022-09-22 10:12:16.402,2022-09-22 10:12:16.882,0.48,medium,medium,0 days 00:07:06.402000,0 days 00:07:06.882000,425,427,426.402,426.882,train_19.wav,True
20,20,68,387,563,193,176,33968,2022-09-22 10:13:22.592,2022-09-22 10:13:23.045,0.453,medium,medium_big,0 days 00:08:12.592000,0 days 00:08:13.045000,491,493,492.592,493.045,train_20.wav,True
21,21,70,97,259,186,162,30132,2022-09-22 10:13:33.032,2022-09-22 10:13:33.472,0.44,medium,medium,0 days 00:08:23.032000,0 days 00:08:23.472000,502,504,503.032,503.472,train_21.wav,True
22,22,72,114,278,150,164,24600,2022-09-22 10:13:45.205,2022-09-22 10:13:45.673,0.468,medium,medium,0 days 00:08:35.205000,0 days 00:08:35.673000,514,516,515.205,515.673,train_22.wav,True
23,23,74,105,278,152,173,26296,2022-09-22 10:14:11.606,2022-09-22 10:14:12.034,0.428,medium,medium_big,0 days 00:09:01.606000,0 days 00:09:02.034000,540,542,541.606,542.034,train_23.wav,True
24,24,76,358,606,340,248,84320,2022-09-22 10:14:29.820,2022-09-22 10:14:31.860,2.04,large,large,0 days 00:09:19.820000,0 days 00:09:21.860000,559,561,559.82,561.86,train_24.wav,True
25,25,78,365,539,169,174,29406,2022-09-22 10:14:33.900,2022-09-22 10:14:34.367,0.467,medium,medium_big,0 days 00:09:23.900000,0 days 00:09:24.367000,563,565,563.9000000000001,564.3670000000001,train_25.wav,True
26,26,80,108,260,143,152,21736,2022-09-22 10:14:37.034,2022-09-22 10:14:37.274,0.24,medium,medium_small,0 days 00:09:27.034000,0 days 00:09:27.274000,566,568,567.034,567.274,train_26.wav,True
27,27,82,417,583,170,166,28220,2022-09-22 10:14:36.887,2022-09-22 10:14:37.355,0.468,medium,medium,0 days 00:09:26.887000,0 days 00:09:27.355000,566,568,566.8870000000001,567.355,train_27.wav,True
28,28,84,93,273,154,180,27720,2022-09-22 10:14:40.275,2022-09-22 10:14:40.661,0.386,medium,medium_big,0 days 00:09:30.275000,0 days 00:09:30.661000,569,571,570.2750000000001,570.6610000000001,train_28.wav,True
29,29,86,106,285,199,179,35621,2022-09-22 10:14:49.981,2022-09-22 10:14:50.501,0.52,medium,medium_big,0 days 00:09:39.981000,0 days 00:09:40.501000,579,581,579.981,580.5010000000001,train_29.wav,True
30,30,88,78,249,154,171,26334,2022-09-22 10:15:03.301,2022-09-22 10:15:03.715,0.414,medium,medium_big,0 days 00:09:53.301000,0 days 00:09:53.715000,592,594,593.301,593.715,train_30.wav,True
31,31,90,386,532,141,146,20586,2022-09-22 10:15:59.664,2022-09-22 10:16:00.037,0.373,medium,medium_small,0 days 00:10:49.664000,0 days 00:10:50.037000,648,650,649.664,650.037,train_31.wav,True
32,32,92,357,550,254,193,49022,2022-09-22 10:16:15.038,2022-09-22 10:16:15.464,0.426,medium,medium_big,0 days 00:11:05.038000,0 days 00:11:05.464000,664,666,665.038,665.464,train_32.wav,True
33,33,94,365,537,169,172,29068,2022-09-22 10:16:25.958,2022-09-22 10:16:26.384,0.426,medium,medium_big,0 days 00:11:15.958000,0 days 00:11:16.384000,675,677,675.9580000000001,676.384,train_33.wav,True
34,34,96,389,540,146,151,22046,2022-09-22 10:16:52.132,2022-09-22 10:16:52.452,0.32,medium,medium_small,0 days 00:11:42.132000,0 days 00:11:42.452000,701,703,702.1320000000001,702.452,train_34.wav,True
35,35,98,442,511,166,69,11454,2022-09-22 10:17:06.492,2022-09-22 10:17:06.586,0.094,small,small,0 days 00:11:56.492000,0 days 00:11:56.586000,715,717,716.4920000000001,716.586,train_35.wav,True
36,36,100,72,246,173,174,30102,2022-09-22 10:17:17.906,2022-09-22 10:17:18.213,0.307,medium,medium_big,0 days 00:12:07.906000,0 days 00:12:08.213000,727,729,727.9060000000001,728.2130000000001,train_36.wav,True
37,37,102,370,529,151,159,24009,2022-09-22 10:17:26.653,2022-09-22 10:17:27.053,0.4,medium,medium_small,0 days 00:12:16.653000,0 days 00:12:17.053000,735,737,736.653,737.053,train_37.wav,True
38,38,104,79,146,183,67,12261,2022-09-22 10:18:23.563,2022-09-22 10:18:23.723,0.16,small,small,0 days 00:13:13.563000,0 days 00:13:13.723000,792,794,793.5630000000001,793.7230000000001,train_38.wav,True
39,39,106,86,250,180,164,29520,2022-09-22 10:18:35.403,2022-09-22 10:18:35.963,0.56,medium,medium,0 days 00:13:25.403000,0 days 00:13:25.963000,804,806,805.403,805.9630000000001,train_39.wav,True
40,40,108,387,561,149,174,25926,2022-09-22 10:18:36.109,2022-09-22 10:18:36.536,0.427,medium,medium_big,0 days 00:13:26.109000,0 days 00:13:26.536000,805,807,806.109,806.5360000000001,train_40.wav,True
41,41,110,100,254,148,154,22792,2022-09-22 10:18:38.829,2022-09-22 10:18:39.163,0.334,medium,medium_small,0 days 00:13:28.829000,0 days 00:13:29.163000,807,809,808.8290000000001,809.163,train_41.wav,True
42,42,112,124,303,167,179,29893,2022-09-22 10:19:27.685,2022-09-22 10:19:28.057,0.372,medium,medium_big,0 days 00:14:17.685000,0 days 00:14:18.057000,856,858,857.6850000000001,858.057,train_42.wav,True
43,43,114,99,273,147,174,25578,2022-09-22 10:19:29.511,2022-09-22 10:19:29.911,0.4,medium,medium_big,0 days 00:14:19.511000,0 days 00:14:19.911000,858,860,859.5110000000001,859.9110000000001,train_43.wav,True
44,44,116,63,305,340,242,82280,2022-09-22 10:19:48.058,2022-09-22 10:19:50.126,2.068,large,large,0 days 00:14:38.058000,0 days 00:14:40.126000,878,880,878.0580000000001,880.1260000000001,train_44.wav,True
45,45,118,327,490,147,163,23961,2022-09-22 10:20:10.606,2022-09-22 10:20:11.059,0.453,medium,medium,0 days 00:15:00.606000,0 days 00:15:01.059000,899,901,900.6060000000001,901.059,train_45.wav,True
46,46,120,356,541,161,185,29785,2022-09-22 10:20:52.914,2022-09-22 10:20:53.180,0.266,medium,medium_big,0 days 00:15:42.914000,0 days 00:15:43.180000,942,944,942.914,943.18,train_46.wav,True
47,47,122,344,604,425,260,110500,2022-09-22 10:21:16.221,2022-09-22 10:21:18.755,2.534,large,large,0 days 00:16:06.221000,0 days 00:16:08.755000,966,968,966.221,968.755,train_47.wav,True
48,48,124,379,554,192,175,33600,2022-09-22 10:21:37.715,2022-09-22 10:21:38.169,0.454,medium,medium_big,0 days 00:16:27.715000,0 days 00:16:28.169000,986,988,987.715,988.169,train_48.wav,True
49,49,126,393,572,164,179,29356,2022-09-22 10:21:43.570,2022-09-22 10:21:43.982,0.412,medium,medium_big,0 days 00:16:33.570000,0 days 00:16:33.982000,992,994,993.57,993.982,train_49.wav,True
50,50,128,114,273,154,159,24486,2022-09-22 10:21:44.890,2022-09-22 10:21:45.182,0.292,medium,medium_small,0 days 00:16:34.890000,0 days 00:16:35.182000,994,996,994.89,995.182,train_50.wav,True
51,51,130,367,529,187,162,30294,2022-09-22 10:21:58.956,2022-09-22 10:21:59.423,0.467,medium,medium,0 days 00:16:48.956000,0 days 00:16:49.423000,1008,1010,1008.956,1009.423,train_51.wav,True
52,52,132,94,251,183,157,28731,2022-09-22 10:22:30.757,2022-09-22 10:22:31.037,0.28,medium,medium_small,0 days 00:17:20.757000,0 days 00:17:21.037000,1039,1041,1040.757,1041.037,train_52.wav,True
53,53,134,133,309,260,176,45760,2022-09-22 10:23:09.105,2022-09-22 10:23:09.613,0.508,medium,medium_big,0 days 00:17:59.105000,0 days 00:17:59.613000,1078,1080,1079.105,1079.613,train_53.wav,True
54,54,136,302,542,341,240,81840,2022-09-22 10:23:44.694,2022-09-22 10:23:46.680,1.986,large,large,0 days 00:18:34.694000,0 days 00:18:36.680000,1114,1116,1114.694,1116.68,train_54.wav,True
55,55,138,336,494,162,158,25596,2022-09-22 10:23:50.574,2022-09-22 10:23:50.934,0.36,medium,medium_small,0 days 00:18:40.574000,0 days 00:18:40.934000,1119,1121,1120.574,1120.934,train_55.wav,True
56,56,140,341,509,146,168,24528,2022-09-22 10:24:29.588,2022-09-22 10:24:29.962,0.374,medium,medium,0 days 00:19:19.588000,0 days 00:19:19.962000,1158,1160,1159.588,1159.962,train_56.wav,True
57,57,142,104,265,157,161,25277,2022-09-22 10:24:46.576,2022-09-22 10:24:46.909,0.333,medium,medium,0 days 00:19:36.576000,0 days 00:19:36.909000,1175,1177,1176.576,1176.909,train_57.wav,True
58,58,144,117,273,151,156,23556,2022-09-22 10:24:49.056,2022-09-22 10:24:49.416,0.36,medium,medium_small,0 days 00:19:39.056000,0 days 00:19:39.416000,1178,1180,1179.056,1179.4160000000002,train_58.wav,True
59,59,146,162,322,181,160,28960,2022-09-22 10:24:59.589,2022-09-22 10:24:59.963,0.374,medium,medium_small,0 days 00:19:49.589000,0 days 00:19:49.963000,1188,1190,1189.5890000000002,1189.963,train_59.wav,True
60,60,148,346,565,325,219,71175,2022-09-22 10:25:59.205,2022-09-22 10:25:59.725,0.52,large,large,0 days 00:20:49.205000,0 days 00:20:49.725000,1248,1250,1249.2050000000002,1249.725,train_60.wav,True
61,61,150,370,543,164,173,28372,2022-09-22 10:26:17.672,2022-09-22 10:26:18.085,0.413,medium,medium_big,0 days 00:21:07.672000,0 days 00:21:08.085000,1266,1268,1267.672,1268.085,train_61.wav,True
62,62,152,370,546,161,176,28336,2022-09-22 10:26:20.059,2022-09-22 10:26:20.712,0.653,medium,medium_big,0 days 00:21:10.059000,0 days 00:21:10.712000,1269,1271,1270.059,1270.712,train_62.wav,True
63,63,154,121,297,149,176,26224,2022-09-22 10:26:47.393,2022-09-22 10:26:47.886,0.493,medium,medium_big,0 days 00:21:37.393000,0 days 00:21:37.886000,1296,1298,1297.393,1297.886,train_63.wav,True
64,64,156,66,226,170,160,27200,2022-09-22 10:26:57.887,2022-09-22 10:26:58.193,0.306,medium,medium_small,0 days 00:21:47.887000,0 days 00:21:48.193000,1307,1309,1307.8870000000002,1308.193,train_64.wav,True
65,65,158,403,574,144,171,24624,2022-09-22 10:26:58.633,2022-09-22 10:26:59.233,0.6,medium,medium_big,0 days 00:21:48.633000,0 days 00:21:49.233000,1307,1309,1308.633,1309.2330000000002,train_65.wav,True
66,66,160,75,311,334,236,78824,2022-09-22 10:27:06.421,2022-09-22 10:27:07.861,1.44,large,large,0 days 00:21:56.421000,0 days 00:21:57.861000,1316,1318,1316.421,1317.861,train_66.wav,True
67,67,162,97,274,164,177,29028,2022-09-22 10:27:12.274,2022-09-22 10:27:12.767,0.493,medium,medium_big,0 days 00:22:02.274000,0 days 00:22:02.767000,1321,1323,1322.274,1322.767,train_67.wav,True
68,68,164,51,289,332,238,79016,2022-09-22 10:27:33.248,2022-09-22 10:27:34.582,1.334,large,large,0 days 00:22:23.248000,0 days 00:22:24.582000,1342,1344,1343.248,1344.582,train_68.wav,True
69,69,166,398,565,183,167,30561,2022-09-22 10:27:36.075,2022-09-22 10:27:36.475,0.4,medium,medium,0 days 00:22:26.075000,0 days 00:22:26.475000,1345,1347,1346.075,1346.475,train_69.wav,True
70,70,168,91,247,152,156,23712,2022-09-22 10:27:38.582,2022-09-22 10:27:38.928,0.346,medium,medium_small,0 days 00:22:28.582000,0 days 00:22:28.928000,1347,1349,1348.582,1348.928,train_70.wav,True
71,71,170,146,308,143,162,23166,2022-09-22 10:27:51.343,2022-09-22 10:27:51.689,0.346,medium,medium,0 days 00:22:41.343000,0 days 00:22:41.689000,1360,1362,1361.343,1361.689,train_71.wav,True
72,72,172,363,536,198,173,34254,2022-09-22 10:28:17.689,2022-09-22 10:28:18.156,0.467,medium,medium_big,0 days 00:23:07.689000,0 days 00:23:08.156000,1386,1388,1387.689,1388.1560000000002,train_72.wav,True
73,73,174,121,284,167,163,27221,2022-09-22 10:28:24.090,2022-09-22 10:28:24.504,0.414,medium,medium,0 days 00:23:14.090000,0 days 00:23:14.504000,1393,1395,1394.09,1394.504,train_73.wav,True
74,74,176,129,362,339,233,78987,2022-09-22 10:28:35.957,2022-09-22 10:28:37.904,1.947,large,large,0 days 00:23:25.957000,0 days 00:23:27.904000,1405,1407,1405.957,1407.904,train_74.wav,True
75,75,178,127,288,158,161,25438,2022-09-22 10:28:39.370,2022-09-22 10:28:39.730,0.36,medium,medium,0 days 00:23:29.370000,0 days 00:23:29.730000,1408,1410,1409.37,1409.73,train_75.wav,True
76,76,180,136,293,159,157,24963,2022-09-22 10:28:50.037,2022-09-22 10:28:50.371,0.334,medium,medium_small,0 days 00:23:40.037000,0 days 00:23:40.371000,1419,1421,1420.037,1420.371,train_76.wav,True
77,77,182,118,288,158,170,26860,2022-09-22 10:29:00.065,2022-09-22 10:29:00.371,0.306,medium,medium,0 days 00:23:50.065000,0 days 00:23:50.371000,1429,1431,1430.065,1430.371,train_77.wav,True
78,78,184,131,286,186,155,28830,2022-09-22 10:29:11.518,2022-09-22 10:29:11.918,0.4,medium,medium_small,0 days 00:24:01.518000,0 days 00:24:01.918000,1440,1442,1441.518,1441.918,train_78.wav,True
79,79,186,369,549,166,180,29880,2022-09-22 10:29:20.972,2022-09-22 10:29:21.346,0.374,medium,medium_big,0 days 00:24:10.972000,0 days 00:24:11.346000,1450,1452,1450.972,1451.346,train_79.wav,True
80,80,188,67,234,170,167,28390,2022-09-22 10:29:21.266,2022-09-22 10:29:21.586,0.32,medium,medium,0 days 00:24:11.266000,0 days 00:24:11.586000,1450,1452,1451.266,1451.586,train_80.wav,True
81,81,190,51,268,325,217,70525,2022-09-22 10:29:34.439,2022-09-22 10:29:35.026,0.587,large,large,0 days 00:24:24.439000,0 days 00:24:25.026000,1463,1465,1464.439,1465.026,train_81.wav,True
82,82,192,386,548,146,162,23652,2022-09-22 10:29:39.412,2022-09-22 10:29:39.732,0.32,medium,medium,0 days 00:24:29.412000,0 days 00:24:29.732000,1468,1470,1469.412,1469.7320000000002,train_82.wav,True
83,83,194,109,258,145,149,21605,2022-09-22 10:29:49.199,2022-09-22 10:29:49.507,0.308,medium,medium_small,0 days 00:24:39.199000,0 days 00:24:39.507000,1478,1480,1479.199,1479.507,train_83.wav,True
84,84,196,115,289,168,174,29232,2022-09-22 10:30:17.000,2022-09-22 10:30:17.280,0.28,medium,medium_big,0 days 00:25:07,0 days 00:25:07.280000,1506,1508,1507.0,1507.2800000000002,train_84.wav,True
85,85,198,137,289,165,152,25080,2022-09-22 10:31:00.402,2022-09-22 10:31:00.802,0.4,medium,medium_small,0 days 00:25:50.402000,0 days 00:25:50.802000,1549,1551,1550.402,1550.802,train_85.wav,True
86,86,200,118,274,157,156,24492,2022-09-22 10:31:34.390,2022-09-22 10:31:34.777,0.387,medium,medium_small,0 days 00:26:24.390000,0 days 00:26:24.777000,1583,1585,1584.39,1584.777,train_86.wav,True
87,87,202,67,317,296,250,74000,2022-09-22 10:31:45.791,2022-09-22 10:31:46.803,1.012,large,large,0 days 00:26:35.791000,0 days 00:26:36.803000,1595,1597,1595.7910000000002,1596.803,train_87.wav,True
88,88,204,153,312,188,159,29892,2022-09-22 10:31:51.351,2022-09-22 10:31:51.844,0.493,medium,medium_small,0 days 00:26:41.351000,0 days 00:26:41.844000,1600,1602,1601.351,1601.844,train_88.wav,True
89,89,206,330,575,343,245,84035,2022-09-22 10:32:13.912,2022-09-22 10:32:14.672,0.76,large,large,0 days 00:27:03.912000,0 days 00:27:04.672000,1623,1625,1623.912,1624.672,train_89.wav,True
90,90,208,389,565,217,176,38192,2022-09-22 10:32:28.592,2022-09-22 10:32:29.098,0.506,medium,medium_big,0 days 00:27:18.592000,0 days 00:27:19.098000,1637,1639,1638.592,1639.0980000000002,train_90.wav,True
91,91,210,362,540,199,178,35422,2022-09-22 10:32:48.619,2022-09-22 10:32:49.086,0.467,medium,medium_big,0 days 00:27:38.619000,0 days 00:27:39.086000,1657,1659,1658.619,1659.086,train_91.wav,True
92,92,212,388,552,170,164,27880,2022-09-22 10:33:02.714,2022-09-22 10:33:03.114,0.4,medium,medium,0 days 00:27:52.714000,0 days 00:27:53.114000,1671,1673,1672.7140000000002,1673.114,train_92.wav,True
93,93,214,104,158,181,54,9774,2022-09-22 10:33:06.980,2022-09-22 10:33:07.126,0.146,small,small,0 days 00:27:56.980000,0 days 00:27:57.126000,1676,1678,1676.98,1677.1260000000002,train_93.wav,True
94,94,216,347,601,342,254,86868,2022-09-22 10:33:50.328,2022-09-22 10:33:53.701,3.373,large,large,0 days 00:28:40.328000,0 days 00:28:43.701000,1721,1723,1720.3280000000002,1723.701,train_94.wav,True
95,95,218,384,541,202,157,31714,2022-09-22 10:33:55.488,2022-09-22 10:33:56.115,0.627,medium,medium_small,0 days 00:28:45.488000,0 days 00:28:46.115000,1724,1726,1725.488,1726.115,train_95.wav,True
96,96,220,414,575,169,161,27209,2022-09-22 10:33:58.235,2022-09-22 10:33:58.942,0.707,medium,medium,0 days 00:28:48.235000,0 days 00:28:48.942000,1727,1729,1728.235,1728.942,train_96.wav,True
97,97,222,86,258,196,172,33712,2022-09-22 10:33:58.702,2022-09-22 10:33:59.142,0.44,medium,medium_big,0 days 00:28:48.702000,0 days 00:28:49.142000,1727,1729,1728.702,1729.142,train_97.wav,True
98,98,224,365,536,168,171,28728,2022-09-22 10:34:01.156,2022-09-22 10:34:01.822,0.666,medium,medium_big,0 days 00:28:51.156000,0 days 00:28:51.822000,1730,1732,1731.1560000000002,1731.822,train_98.wav,True
99,99,226,382,556,188,174,32712,2022-09-22 10:34:15.929,2022-09-22 10:34:16.409,0.48,medium,medium_big,0 days 00:29:05.929000,0 days 00:29:06.409000,1745,1747,1745.929,1746.409,train_99.wav,True
100,100,228,149,193,161,44,7084,2022-09-22 10:34:35.729,2022-09-22 10:34:35.837,0.108,small,small,0 days 00:29:25.729000,0 days 00:29:25.837000,1764,1766,1765.729,1765.8370000000002,train_100.wav,True
101,101,230,376,543,148,167,24716,2022-09-22 10:34:39.277,2022-09-22 10:34:39.583,0.306,medium,medium,0 days 00:29:29.277000,0 days 00:29:29.583000,1768,1770,1769.277,1769.583,train_101.wav,True
102,102,232,61,233,156,172,26832,2022-09-22 10:35:26.519,2022-09-22 10:35:26.919,0.4,medium,medium_big,0 days 00:30:16.519000,0 days 00:30:16.919000,1815,1817,1816.519,1816.919,train_102.wav,True
103,103,234,381,553,150,172,25800,2022-09-22 10:35:29.119,2022-09-22 10:35:29.531,0.412,medium,medium_big,0 days 00:30:19.119000,0 days 00:30:19.531000,1818,1820,1819.119,1819.531,train_103.wav,True
104,104,236,371,524,153,153,23409,2022-09-22 10:35:40.732,2022-09-22 10:35:41.092,0.36,medium,medium_small,0 days 00:30:30.732000,0 days 00:30:31.092000,1829,1831,1830.732,1831.092,train_104.wav,True
105,105,238,77,239,169,162,27378,2022-09-22 10:35:41.385,2022-09-22 10:35:41.732,0.347,medium,medium,0 days 00:30:31.385000,0 days 00:30:31.732000,1830,1832,1831.385,1831.732,train_105.wav,True
106,106,240,134,288,157,154,24178,2022-09-22 10:35:52.225,2022-09-22 10:35:52.572,0.347,medium,medium_small,0 days 00:30:42.225000,0 days 00:30:42.572000,1841,1843,1842.225,1842.572,train_106.wav,True
107,107,242,130,298,167,168,28056,2022-09-22 10:35:56.092,2022-09-22 10:35:56.572,0.48,medium,medium,0 days 00:30:46.092000,0 days 00:30:46.572000,1845,1847,1846.092,1846.572,train_107.wav,True
108,108,244,346,506,188,160,30080,2022-09-22 10:36:39.454,2022-09-22 10:36:39.854,0.4,medium,medium_small,0 days 00:31:29.454000,0 days 00:31:29.854000,1888,1890,1889.454,1889.854,train_108.wav,True
109,109,246,375,531,146,156,22776,2022-09-22 10:37:16.002,2022-09-22 10:37:16.455,0.453,medium,medium_small,0 days 00:32:06.002000,0 days 00:32:06.455000,1925,1927,1926.002,1926.455,train_109.wav,True
110,110,248,381,559,164,178,29192,2022-09-22 10:37:24.363,2022-09-22 10:37:24.749,0.386,medium,medium_big,0 days 00:32:14.363000,0 days 00:32:14.749000,1933,1935,1934.363,1934.749,train_110.wav,True
111,111,250,118,351,339,233,78987,2022-09-22 10:37:35.909,2022-09-22 10:37:37.896,1.987,large,large,0 days 00:32:25.909000,0 days 00:32:27.896000,1945,1947,1945.909,1947.896,train_111.wav,True
112,112,252,114,273,159,159,25281,2022-09-22 10:37:40.629,2022-09-22 10:37:40.936,0.307,medium,medium_small,0 days 00:32:30.629000,0 days 00:32:30.936000,1949,1951,1950.629,1950.936,train_112.wav,True
113,113,254,379,541,181,162,29322,2022-09-22 10:37:45.604,2022-09-22 10:37:45.910,0.306,medium,medium,0 days 00:32:35.604000,0 days 00:32:35.910000,1954,1956,1955.604,1955.91,train_113.wav,True
114,114,256,398,568,164,170,27880,2022-09-22 10:37:56.270,2022-09-22 10:37:56.697,0.427,medium,medium,0 days 00:32:46.270000,0 days 00:32:46.697000,1965,1967,1966.27,1966.697,train_114.wav,True
115,115,258,365,536,161,171,27531,2022-09-22 10:37:59.524,2022-09-22 10:37:59.910,0.386,medium,medium_big,0 days 00:32:49.524000,0 days 00:32:49.910000,1968,1970,1969.524,1969.91,train_115.wav,True
116,116,260,395,565,166,170,28220,2022-09-22 10:39:08.139,2022-09-22 10:39:08.459,0.32,medium,medium,0 days 00:33:58.139000,0 days 00:33:58.459000,2037,2039,2038.139,2038.459,train_116.wav,True
117,117,262,391,559,158,168,26544,2022-09-22 10:39:21.420,2022-09-22 10:39:21.807,0.387,medium,medium,0 days 00:34:11.420000,0 days 00:34:11.807000,2050,2052,2051.42,2051.807,train_117.wav,True
118,118,264,88,281,227,193,43811,2022-09-22 10:39:23.260,2022-09-22 10:39:23.860,0.6,medium,medium_big,0 days 00:34:13.260000,0 days 00:34:13.860000,2052,2054,2053.26,2053.86,train_118.wav,True
119,119,266,401,560,157,159,24963,2022-09-22 10:39:23.833,2022-09-22 10:39:24.233,0.4,medium,medium_small,0 days 00:34:13.833000,0 days 00:34:14.233000,2053,2055,2053.833,2054.233,train_119.wav,True
120,120,268,88,255,168,167,28056,2022-09-22 10:39:26.273,2022-09-22 10:39:26.740,0.467,medium,medium,0 days 00:34:16.273000,0 days 00:34:16.740000,2055,2057,2056.273,2056.74,train_120.wav,True
121,121,270,69,276,226,207,46782,2022-09-22 10:39:50.020,2022-09-22 10:39:50.528,0.508,medium,medium_big,0 days 00:34:40.020000,0 days 00:34:40.528000,2079,2081,2080.02,2080.528,train_121.wav,True
122,122,272,115,274,161,159,25599,2022-09-22 10:40:15.275,2022-09-22 10:40:15.569,0.294,medium,medium_small,0 days 00:35:05.275000,0 days 00:35:05.569000,2104,2106,2105.275,2105.569,train_122.wav,True
123,123,274,115,275,164,160,26240,2022-09-22 10:41:30.557,2022-09-22 10:41:30.917,0.36,medium,medium_small,0 days 00:36:20.557000,0 days 00:36:20.917000,2179,2181,2180.557,2180.917,train_123.wav,True
124,124,276,120,278,148,158,23384,2022-09-22 10:42:25.599,2022-09-22 10:42:25.973,0.374,medium,medium_small,0 days 00:37:15.599000,0 days 00:37:15.973000,2234,2236,2235.599,2235.973,train_124.wav,True
125,125,278,98,279,170,181,30770,2022-09-22 10:42:28.026,2022-09-22 10:42:28.414,0.388,medium,medium_big,0 days 00:37:18.026000,0 days 00:37:18.414000,2237,2239,2238.0260000000003,2238.414,train_125.wav,True
126,126,280,154,307,155,153,23715,2022-09-22 10:42:41.160,2022-09-22 10:42:41.507,0.347,medium,medium_small,0 days 00:37:31.160000,0 days 00:37:31.507000,2250,2252,2251.1600000000003,2251.507,train_126.wav,True
127,127,282,375,534,164,159,26076,2022-09-22 10:43:24.708,2022-09-22 10:43:25.096,0.388,medium,medium_small,0 days 00:38:14.708000,0 days 00:38:15.096000,2293,2295,2294.708,2295.096,train_127.wav,True
128,128,284,323,571,340,248,84320,2022-09-22 10:44:16.523,2022-09-22 10:44:18.523,2.0,large,large,0 days 00:39:06.523000,0 days 00:39:08.523000,2346,2348,2346.523,2348.523,train_128.wav,True
129,129,286,375,539,157,164,25748,2022-09-22 10:44:21.364,2022-09-22 10:44:21.750,0.386,medium,medium,0 days 00:39:11.364000,0 days 00:39:11.750000,2350,2352,2351.364,2351.75,train_129.wav,True
130,130,288,391,557,178,166,29548,2022-09-22 10:44:26.178,2022-09-22 10:44:26.498,0.32,medium,medium,0 days 00:39:16.178000,0 days 00:39:16.498000,2355,2357,2356.1780000000003,2356.498,train_130.wav,True
131,131,290,97,290,254,193,49022,2022-09-22 10:44:43.911,2022-09-22 10:44:44.458,0.547,medium,medium_big,0 days 00:39:33.911000,0 days 00:39:34.458000,2373,2375,2373.911,2374.458,train_131.wav,True
132,132,292,118,278,149,160,23840,2022-09-22 10:45:29.966,2022-09-22 10:45:30.326,0.36,medium,medium_small,0 days 00:40:19.966000,0 days 00:40:20.326000,2419,2421,2419.9660000000003,2420.326,train_132.wav,True
133,133,294,123,302,144,179,25776,2022-09-22 10:46:07.541,2022-09-22 10:46:07.874,0.333,medium,medium_big,0 days 00:40:57.541000,0 days 00:40:57.874000,2456,2458,2457.541,2457.8740000000003,train_133.wav,True
134,134,296,412,577,162,165,26730,2022-09-22 10:46:30.822,2022-09-22 10:46:31.315,0.493,medium,medium,0 days 00:41:20.822000,0 days 00:41:21.315000,2480,2482,2480.822,2481.315,train_134.wav,True
135,135,298,63,328,329,265,87185,2022-09-22 10:46:30.982,2022-09-22 10:46:32.248,1.266,large,large,0 days 00:41:20.982000,0 days 00:41:22.248000,2480,2482,2480.982,2482.248,train_135.wav,True
136,136,300,160,232,167,72,12024,2022-09-22 10:47:52.065,2022-09-22 10:47:52.185,0.12,small,small,0 days 00:42:42.065000,0 days 00:42:42.185000,2561,2563,2562.065,2562.185,train_136.wav,True
137,137,302,141,317,165,176,29040,2022-09-22 10:48:03.358,2022-09-22 10:48:03.731,0.373,medium,medium_big,0 days 00:42:53.358000,0 days 00:42:53.731000,2572,2574,2573.358,2573.731,train_137.wav,True
138,138,304,396,561,179,165,29535,2022-09-22 10:48:35.586,2022-09-22 10:48:36.026,0.44,medium,medium,0 days 00:43:25.586000,0 days 00:43:26.026000,2604,2606,2605.586,2606.0260000000003,train_138.wav,True
139,139,306,54,299,340,245,83300,2022-09-22 10:48:40.959,2022-09-22 10:48:43.133,2.174,large,large,0 days 00:43:30.959000,0 days 00:43:33.133000,2611,2613,2610.9590000000003,2613.1330000000003,train_139.wav,True
140,140,308,371,528,151,157,23707,2022-09-22 10:48:52.253,2022-09-22 10:48:52.560,0.307,medium,medium_small,0 days 00:43:42.253000,0 days 00:43:42.560000,2621,2623,2622.253,2622.56,train_140.wav,True
141,141,310,425,592,166,167,27722,2022-09-22 10:49:07.800,2022-09-22 10:49:08.294,0.494,medium,medium,0 days 00:43:57.800000,0 days 00:43:58.294000,2637,2639,2637.8,2638.2940000000003,train_141.wav,True
142,142,312,402,568,183,166,30378,2022-09-22 10:49:11.040,2022-09-22 10:49:11.560,0.52,medium,medium,0 days 00:44:01.040000,0 days 00:44:01.560000,2640,2642,2641.04,2641.56,train_142.wav,True
143,143,314,73,235,209,162,33858,2022-09-22 10:49:11.588,2022-09-22 10:49:12.040,0.452,medium,medium,0 days 00:44:01.588000,0 days 00:44:02.040000,2640,2642,2641.588,2642.04,train_143.wav,True
144,144,316,97,265,165,168,27720,2022-09-22 10:49:18.534,2022-09-22 10:49:18.921,0.387,medium,medium,0 days 00:44:08.534000,0 days 00:44:08.921000,2647,2649,2648.534,2648.9210000000003,train_144.wav,True
145,145,318,327,497,158,170,26860,2022-09-22 10:49:40.989,2022-09-22 10:49:41.309,0.32,medium,medium,0 days 00:44:30.989000,0 days 00:44:31.309000,2670,2672,2670.989,2671.309,train_145.wav,True
146,146,320,381,550,165,169,27885,2022-09-22 10:49:52.149,2022-09-22 10:49:52.655,0.506,medium,medium,0 days 00:44:42.149000,0 days 00:44:42.655000,2681,2683,2682.1490000000003,2682.655,train_146.wav,True
147,147,322,404,568,147,164,24108,2022-09-22 10:50:16.056,2022-09-22 10:50:16.443,0.387,medium,medium,0 days 00:45:06.056000,0 days 00:45:06.443000,2705,2707,2706.056,2706.443,train_147.wav,True
148,148,324,124,312,170,188,31960,2022-09-22 10:50:26.523,2022-09-22 10:50:26.870,0.347,medium,medium_big,0 days 00:45:16.523000,0 days 00:45:16.870000,2715,2717,2716.523,2716.8700000000003,train_148.wav,True
149,149,326,470,519,171,49,8379,2022-09-22 10:51:18.058,2022-09-22 10:51:18.178,0.12,small,small,0 days 00:46:08.058000,0 days 00:46:08.178000,2767,2769,2768.058,2768.1780000000003,train_149.wav,True
150,150,328,136,302,181,166,30046,2022-09-22 10:51:44.633,2022-09-22 10:51:45.113,0.48,medium,medium,0 days 00:46:34.633000,0 days 00:46:35.113000,2793,2795,2794.6330000000003,2795.1130000000003,train_150.wav,True
151,151,330,385,558,146,173,25258,2022-09-22 10:51:59.291,2022-09-22 10:51:59.820,0.529,medium,medium_big,0 days 00:46:49.291000,0 days 00:46:49.820000,2808,2810,2809.291,2809.82,train_151.wav,True
152,152,332,387,555,178,168,29904,2022-09-22 10:52:01.260,2022-09-22 10:52:01.766,0.506,medium,medium,0 days 00:46:51.260000,0 days 00:46:51.766000,2810,2812,2811.26,2811.766,train_152.wav,True
153,153,334,390,556,148,166,24568,2022-09-22 10:52:08.900,2022-09-22 10:52:09.287,0.387,medium,medium,0 days 00:46:58.900000,0 days 00:46:59.287000,2818,2820,2818.9,2819.2870000000003,train_153.wav,True
154,154,336,413,570,153,157,24021,2022-09-22 10:52:32.755,2022-09-22 10:52:33.101,0.346,medium,medium_small,0 days 00:47:22.755000,0 days 00:47:23.101000,2841,2843,2842.755,2843.101,train_154.wav,True
155,155,338,116,283,163,167,27221,2022-09-22 10:52:35.408,2022-09-22 10:52:35.688,0.28,medium,medium,0 days 00:47:25.408000,0 days 00:47:25.688000,2844,2846,2845.4080000000004,2845.688,train_155.wav,True
156,156,340,405,567,145,162,23490,2022-09-22 10:53:20.716,2022-09-22 10:53:21.236,0.52,medium,medium,0 days 00:48:10.716000,0 days 00:48:11.236000,2889,2891,2890.7160000000003,2891.2360000000003,train_156.wav,True
157,157,342,391,558,201,167,33567,2022-09-22 10:53:24.663,2022-09-22 10:53:25.717,1.054,medium,medium,0 days 00:48:14.663000,0 days 00:48:15.717000,2894,2896,2894.663,2895.717,train_157.wav,True
158,158,344,66,134,166,68,11288,2022-09-22 10:53:26.477,2022-09-22 10:53:26.649,0.172,small,small,0 days 00:48:16.477000,0 days 00:48:16.649000,2895,2897,2896.4770000000003,2896.6490000000003,train_158.wav,True
159,159,346,390,556,155,166,25730,2022-09-22 10:53:51.703,2022-09-22 10:53:52.078,0.375,medium,medium,0 days 00:48:41.703000,0 days 00:48:42.078000,2920,2922,2921.703,2922.078,train_159.wav,True
160,160,348,119,284,183,165,30195,2022-09-22 10:53:55.304,2022-09-22 10:53:55.730,0.426,medium,medium,0 days 00:48:45.304000,0 days 00:48:45.730000,2924,2926,2925.304,2925.73,train_160.wav,True
161,161,350,104,256,160,152,24320,2022-09-22 10:53:59.678,2022-09-22 10:54:00.024,0.346,medium,medium_small,0 days 00:48:49.678000,0 days 00:48:50.024000,2928,2930,2929.6780000000003,2930.0240000000003,train_161.wav,True
162,162,352,376,605,340,229,77860,2022-09-22 10:54:06.451,2022-09-22 10:54:08.424,1.973,large,large,0 days 00:48:56.451000,0 days 00:48:58.424000,2936,2938,2936.451,2938.424,train_162.wav,True
163,163,354,201,458,425,257,109225,2022-09-22 10:54:11.744,2022-09-22 10:54:13.024,1.28,large,large,0 days 00:49:01.744000,0 days 00:49:03.024000,2941,2943,2941.744,2943.0240000000003,train_163.wav,True
164,164,356,401,559,174,158,27492,2022-09-22 10:54:23.105,2022-09-22 10:54:23.585,0.48,medium,medium_small,0 days 00:49:13.105000,0 days 00:49:13.585000,2952,2954,2953.105,2953.585,train_164.wav,True
165,165,358,391,561,196,170,33320,2022-09-22 10:54:27.812,2022-09-22 10:54:28.185,0.373,medium,medium,0 days 00:49:17.812000,0 days 00:49:18.185000,2956,2958,2957.8120000000004,2958.1850000000004,train_165.wav,True
166,166,360,376,524,151,148,22348,2022-09-22 10:55:12.386,2022-09-22 10:55:12.733,0.347,medium,medium_small,0 days 00:50:02.386000,0 days 00:50:02.733000,3001,3003,3002.386,3002.733,train_166.wav,True
167,167,362,343,593,353,250,88250,2022-09-22 10:55:25.881,2022-09-22 10:55:27.027,1.146,large,large,0 days 00:50:15.881000,0 days 00:50:17.027000,3015,3017,3015.8810000000003,3017.027,train_167.wav,True
168,168,364,375,537,159,162,25758,2022-09-22 10:55:37.747,2022-09-22 10:55:38.094,0.347,medium,medium,0 days 00:50:27.747000,0 days 00:50:28.094000,3026,3028,3027.7470000000003,3028.094,train_168.wav,True
169,169,366,93,326,337,233,78521,2022-09-22 10:55:58.988,2022-09-22 10:56:00.575,1.587,large,large,0 days 00:50:48.988000,0 days 00:50:50.575000,3048,3050,3048.9880000000003,3050.5750000000003,train_169.wav,True
170,170,368,197,372,171,175,29925,2022-09-22 10:56:13.509,2022-09-22 10:56:13.975,0.466,medium,medium_big,0 days 00:51:03.509000,0 days 00:51:03.975000,3062,3064,3063.509,3063.9750000000004,train_170.wav,True
171,171,370,53,319,425,266,113050,2022-09-22 10:56:31.883,2022-09-22 10:56:33.963,2.08,large,large,0 days 00:51:21.883000,0 days 00:51:23.963000,3081,3083,3081.8830000000003,3083.963,train_171.wav,True
172,172,372,65,298,332,233,77356,2022-09-22 10:56:41.016,2022-09-22 10:56:42.244,1.228,large,large,0 days 00:51:31.016000,0 days 00:51:32.244000,3090,3092,3091.016,3092.244,train_172.wav,True
173,173,374,98,273,161,175,28175,2022-09-22 10:56:44.270,2022-09-22 10:56:44.736,0.466,medium,medium_big,0 days 00:51:34.270000,0 days 00:51:34.736000,3093,3095,3094.27,3094.7360000000003,train_173.wav,True
174,174,376,367,553,253,186,47058,2022-09-22 10:56:45.190,2022-09-22 10:56:45.819,0.629,medium,medium_big,0 days 00:51:35.190000,0 days 00:51:35.819000,3094,3096,3095.19,3095.8190000000004,train_174.wav,True
175,175,378,365,530,150,165,24750,2022-09-22 10:56:59.630,2022-09-22 10:56:59.950,0.32,medium,medium,0 days 00:51:49.630000,0 days 00:51:49.950000,3108,3110,3109.63,3109.9500000000003,train_175.wav,True
176,176,380,388,564,164,176,28864,2022-09-22 10:57:34.511,2022-09-22 10:57:34.858,0.347,medium,medium_big,0 days 00:52:24.511000,0 days 00:52:24.858000,3143,3145,3144.5110000000004,3144.858,train_176.wav,True
177,177,382,97,260,164,163,26732,2022-09-22 10:57:58.406,2022-09-22 10:57:58.792,0.386,medium,medium,0 days 00:52:48.406000,0 days 00:52:48.792000,3167,3169,3168.4060000000004,3168.7920000000004,train_177.wav,True
178,178,384,140,307,170,167,28390,2022-09-22 10:58:05.579,2022-09-22 10:58:06.007,0.428,medium,medium,0 days 00:52:55.579000,0 days 00:52:56.007000,3174,3176,3175.579,3176.007,train_178.wav,True
179,179,386,100,273,166,173,28718,2022-09-22 10:58:08.727,2022-09-22 10:58:09.113,0.386,medium,medium_big,0 days 00:52:58.727000,0 days 00:52:59.113000,3177,3179,3178.7270000000003,3179.1130000000003,train_179.wav,True
180,180,388,362,541,202,179,36158,2022-09-22 10:58:35.808,2022-09-22 10:58:36.328,0.52,medium,medium_big,0 days 00:53:25.808000,0 days 00:53:26.328000,3205,3207,3205.808,3206.328,train_180.wav,True
181,181,390,139,326,254,187,47498,2022-09-22 10:58:45.008,2022-09-22 10:58:45.741,0.733,medium,medium_big,0 days 00:53:35.008000,0 days 00:53:35.741000,3214,3216,3215.0080000000003,3215.741,train_181.wav,True
182,182,392,521,569,167,48,8016,2022-09-22 10:58:49.408,2022-09-22 10:58:49.594,0.186,small,small,0 days 00:53:39.408000,0 days 00:53:39.594000,3218,3220,3219.4080000000004,3219.594,train_182.wav,True
183,183,394,381,547,187,166,31042,2022-09-22 10:58:51.341,2022-09-22 10:58:52.101,0.76,medium,medium,0 days 00:53:41.341000,0 days 00:53:42.101000,3220,3222,3221.3410000000003,3222.101,train_183.wav,True
184,184,396,92,352,430,260,111800,2022-09-22 10:59:11.035,2022-09-22 10:59:13.009,1.974,large,large,0 days 00:54:01.035000,0 days 00:54:03.009000,3241,3243,3241.0350000000003,3243.009,train_184.wav,True
185,185,398,94,334,341,240,81840,2022-09-22 10:59:21.102,2022-09-22 10:59:24.942,3.84,large,large,0 days 00:54:11.102000,0 days 00:54:14.942000,3252,3254,3251.1020000000003,3254.942,train_185.wav,True
186,186,400,109,274,162,165,26730,2022-09-22 10:59:27.169,2022-09-22 10:59:27.742,0.573,medium,medium,0 days 00:54:17.169000,0 days 00:54:17.742000,3256,3258,3257.1690000000003,3257.742,train_186.wav,True
187,187,402,81,241,147,160,23520,2022-09-22 10:59:39.876,2022-09-22 10:59:40.302,0.426,medium,medium_small,0 days 00:54:29.876000,0 days 00:54:30.302000,3269,3271,3269.876,3270.302,train_187.wav,True
188,188,404,376,553,194,177,34338,2022-09-22 10:59:48.916,2022-09-22 10:59:49.450,0.534,medium,medium_big,0 days 00:54:38.916000,0 days 00:54:39.450000,3278,3280,3278.916,3279.4500000000003,train_188.wav,True
189,189,406,377,548,147,171,25137,2022-09-22 10:59:51.783,2022-09-22 10:59:52.277,0.494,medium,medium_big,0 days 00:54:41.783000,0 days 00:54:42.277000,3281,3283,3281.7830000000004,3282.277,train_189.wav,True
190,190,408,147,308,188,161,30268,2022-09-22 11:00:05.944,2022-09-22 11:00:06.371,0.427,medium,medium,0 days 00:54:55.944000,0 days 00:54:56.371000,3295,3297,3295.9440000000004,3296.371,train_190.wav,True
191,191,410,131,293,150,162,24300,2022-09-22 11:00:22.772,2022-09-22 11:00:23.077,0.305,medium,medium,0 days 00:55:12.772000,0 days 00:55:13.077000,3311,3313,3312.7720000000004,3313.077,train_191.wav,True
192,192,412,420,573,152,153,23256,2022-09-22 11:00:36.038,2022-09-22 11:00:36.345,0.307,medium,medium_small,0 days 00:55:26.038000,0 days 00:55:26.345000,3325,3327,3326.038,3326.3450000000003,train_192.wav,True
193,193,414,93,258,144,165,23760,2022-09-22 11:00:49.585,2022-09-22 11:00:49.945,0.36,medium,medium,0 days 00:55:39.585000,0 days 00:55:39.945000,3338,3340,3339.585,3339.945,train_193.wav,True
194,194,416,72,237,157,165,25905,2022-09-22 11:00:56.839,2022-09-22 11:00:57.213,0.374,medium,medium,0 days 00:55:46.839000,0 days 00:55:47.213000,3346,3348,3346.8390000000004,3347.213,train_194.wav,True
195,195,418,399,563,169,164,27716,2022-09-22 11:00:58.159,2022-09-22 11:00:58.599,0.44,medium,medium,0 days 00:55:48.159000,0 days 00:55:48.599000,3347,3349,3348.159,3348.599,train_195.wav,True
196,196,420,114,278,146,164,23944,2022-09-22 11:01:12.759,2022-09-22 11:01:13.146,0.387,medium,medium,0 days 00:56:02.759000,0 days 00:56:03.146000,3361,3363,3362.759,3363.146,train_196.wav,True
197,197,422,90,244,147,154,22638,2022-09-22 11:01:24.346,2022-09-22 11:01:24.706,0.36,medium,medium_small,0 days 00:56:14.346000,0 days 00:56:14.706000,3373,3375,3374.346,3374.706,train_197.wav,True
198,198,424,351,514,182,163,29666,2022-09-22 11:01:29.894,2022-09-22 11:01:30.320,0.426,medium,medium,0 days 00:56:19.894000,0 days 00:56:20.320000,3379,3381,3379.894,3380.32,train_198.wav,True
199,199,426,128,199,174,71,12354,2022-09-22 11:01:34.067,2022-09-22 11:01:34.187,0.12,small,small,0 days 00:56:24.067000,0 days 00:56:24.187000,3383,3385,3384.067,3384.1870000000004,train_199.wav,True
200,200,428,208,288,167,80,13360,2022-09-22 11:01:35.947,2022-09-22 11:01:36.107,0.16,small,small,0 days 00:56:25.947000,0 days 00:56:26.107000,3385,3387,3385.947,3386.1070000000004,train_200.wav,True
201,201,430,141,303,170,162,27540,2022-09-22 11:01:39.667,2022-09-22 11:01:40.040,0.373,medium,medium,0 days 00:56:29.667000,0 days 00:56:30.040000,3388,3390,3389.6670000000004,3390.0400000000004,train_201.wav,True
202,202,432,100,258,184,158,29072,2022-09-22 11:01:52.321,2022-09-22 11:01:52.735,0.414,medium,medium_small,0 days 00:56:42.321000,0 days 00:56:42.735000,3401,3403,3402.3210000000004,3402.735,train_202.wav,True
203,203,434,153,312,188,159,29892,2022-09-22 11:02:07.721,2022-09-22 11:02:08.108,0.387,medium,medium_small,0 days 00:56:57.721000,0 days 00:56:58.108000,3416,3418,3417.721,3418.108,train_203.wav,True
204,204,436,167,331,158,164,25912,2022-09-22 11:02:13.255,2022-09-22 11:02:13.575,0.32,medium,medium,0 days 00:57:03.255000,0 days 00:57:03.575000,3422,3424,3423.255,3423.5750000000003,train_204.wav,True
205,205,438,396,562,151,166,25066,2022-09-22 11:02:42.896,2022-09-22 11:02:43.309,0.413,medium,medium,0 days 00:57:32.896000,0 days 00:57:33.309000,3452,3454,3452.896,3453.309,train_205.wav,True
206,206,440,114,274,155,160,24800,2022-09-22 11:02:51.149,2022-09-22 11:02:51.483,0.334,medium,medium_small,0 days 00:57:41.149000,0 days 00:57:41.483000,3460,3462,3461.1490000000003,3461.483,train_206.wav,True
207,207,442,150,307,159,157,24963,2022-09-22 11:02:54.963,2022-09-22 11:02:55.243,0.28,medium,medium_small,0 days 00:57:44.963000,0 days 00:57:45.243000,3464,3466,3464.963,3465.2430000000004,train_207.wav,True
208,208,444,95,253,155,158,24490,2022-09-22 11:03:22.004,2022-09-22 11:03:22.378,0.374,medium,medium_small,0 days 00:58:12.004000,0 days 00:58:12.378000,3491,3493,3492.0040000000004,3492.378,train_208.wav,True
209,209,446,384,574,255,190,48450,2022-09-22 11:03:22.018,2022-09-22 11:03:22.538,0.52,medium,medium_big,0 days 00:58:12.018000,0 days 00:58:12.538000,3491,3493,3492.018,3492.538,train_209.wav,True
210,210,448,322,590,430,268,115240,2022-09-22 11:04:10.006,2022-09-22 11:04:12.139,2.133,large,large,0 days 00:59:00.006000,0 days 00:59:02.139000,3540,3542,3540.0060000000003,3542.139,train_210.wav,True
211,211,450,330,590,435,260,113100,2022-09-22 11:04:16.406,2022-09-22 11:04:19.445,3.039,large,large,0 days 00:59:06.406000,0 days 00:59:09.445000,3546,3548,3546.4060000000004,3549.445,train_211.wav,True
212,212,452,312,472,155,160,24800,2022-09-22 11:04:24.726,2022-09-22 11:04:25.140,0.414,medium,medium_small,0 days 00:59:14.726000,0 days 00:59:15.140000,3553,3555,3554.726,3555.1400000000003,train_212.wav,True
213,213,454,101,265,159,164,26076,2022-09-22 11:04:54.994,2022-09-22 11:04:55.381,0.387,medium,medium,0 days 00:59:44.994000,0 days 00:59:45.381000,3584,3586,3584.994,3585.3810000000003,train_213.wav,True
214,214,456,482,535,163,53,8639,2022-09-22 11:04:59.247,2022-09-22 11:04:59.394,0.147,small,small,0 days 00:59:49.247000,0 days 00:59:49.394000,3588,3590,3589.2470000000003,3589.394,train_214.wav,True
215,215,458,73,235,158,162,25596,2022-09-22 11:04:59.181,2022-09-22 11:04:59.554,0.373,medium,medium,0 days 00:59:49.181000,0 days 00:59:49.554000,3588,3590,3589.181,3589.554,train_215.wav,True
216,216,460,97,258,149,161,23989,2022-09-22 11:05:05.982,2022-09-22 11:05:06.314,0.332,medium,medium,0 days 00:59:55.982000,0 days 00:59:56.314000,3595,3597,3595.9820000000004,3596.3140000000003,train_216.wav,True
217,217,462,78,146,171,68,11628,2022-09-22 11:05:25.888,2022-09-22 11:05:25.982,0.094,small,small,0 days 01:00:15.888000,0 days 01:00:15.982000,3614,3616,3615.888,3615.982,train_217.wav,True
218,218,464,378,605,339,227,76953,2022-09-22 11:05:24.023,2022-09-22 11:05:26.168,2.145,large,large,0 days 01:00:14.023000,0 days 01:00:16.168000,3614,3616,3614.023,3616.168,train_218.wav,True
219,219,466,75,240,167,165,27555,2022-09-22 11:05:52.396,2022-09-22 11:05:52.703,0.307,medium,medium,0 days 01:00:42.396000,0 days 01:00:42.703000,3641,3643,3642.396,3642.703,train_219.wav,True
220,220,468,389,547,173,158,27334,2022-09-22 11:05:52.556,2022-09-22 11:05:52.983,0.427,medium,medium_small,0 days 01:00:42.556000,0 days 01:00:42.983000,3641,3643,3642.556,3642.983,train_220.wav,True
221,221,470,350,511,160,161,25760,2022-09-22 11:05:55.889,2022-09-22 11:05:56.196,0.307,medium,medium,0 days 01:00:45.889000,0 days 01:00:46.196000,3645,3647,3645.889,3646.196,train_221.wav,True
222,222,472,407,555,146,148,21608,2022-09-22 11:06:03.024,2022-09-22 11:06:03.316,0.292,medium,medium_small,0 days 01:00:53.024000,0 days 01:00:53.316000,3652,3654,3653.024,3653.316,train_222.wav,True
223,223,474,49,98,170,49,8330,2022-09-22 11:06:47.971,2022-09-22 11:06:48.131,0.16,small,small,0 days 01:01:37.971000,0 days 01:01:38.131000,3697,3699,3697.971,3698.131,train_223.wav,True
224,224,476,143,302,154,159,24486,2022-09-22 11:06:56.038,2022-09-22 11:06:56.398,0.36,medium,medium_small,0 days 01:01:46.038000,0 days 01:01:46.398000,3705,3707,3706.038,3706.398,train_224.wav,True
225,225,478,167,331,182,164,29848,2022-09-22 11:06:58.878,2022-09-22 11:06:59.331,0.453,medium,medium,0 days 01:01:48.878000,0 days 01:01:49.331000,3708,3710,3708.878,3709.331,train_225.wav,True
226,226,480,402,567,155,165,25575,2022-09-22 11:07:11.306,2022-09-22 11:07:11.652,0.346,medium,medium,0 days 01:02:01.306000,0 days 01:02:01.652000,3720,3722,3721.306,3721.652,train_226.wav,True
227,227,482,95,263,147,168,24696,2022-09-22 11:07:12.599,2022-09-22 11:07:12.959,0.36,medium,medium,0 days 01:02:02.599000,0 days 01:02:02.959000,3721,3723,3722.599,3722.959,train_227.wav,True
228,228,484,512,554,153,42,6426,2022-09-22 11:07:14.292,2022-09-22 11:07:14.439,0.147,small,small,0 days 01:02:04.292000,0 days 01:02:04.439000,3723,3725,3724.292,3724.439,train_228.wav,True
229,229,486,126,293,170,167,28390,2022-09-22 11:07:15.732,2022-09-22 11:07:16.146,0.414,medium,medium,0 days 01:02:05.732000,0 days 01:02:06.146000,3724,3726,3725.732,3726.146,train_229.wav,True
230,230,488,92,259,163,167,27221,2022-09-22 11:07:19.839,2022-09-22 11:07:20.186,0.347,medium,medium,0 days 01:02:09.839000,0 days 01:02:10.186000,3729,3731,3729.839,3730.186,train_230.wav,True
231,231,490,359,521,169,162,27378,2022-09-22 11:07:58.294,2022-09-22 11:07:58.640,0.346,medium,medium,0 days 01:02:48.294000,0 days 01:02:48.640000,3767,3769,3768.294,3768.64,train_231.wav,True
232,232,492,134,302,150,168,25200,2022-09-22 11:08:48.935,2022-09-22 11:08:49.242,0.307,medium,medium,0 days 01:03:38.935000,0 days 01:03:39.242000,3818,3820,3818.935,3819.242,train_232.wav,True
233,233,494,357,542,177,185,32745,2022-09-22 11:09:01.123,2022-09-22 11:09:01.470,0.347,medium,medium_big,0 days 01:03:51.123000,0 days 01:03:51.470000,3830,3832,3831.123,3831.47,train_233.wav,True
234,234,496,346,517,159,171,27189,2022-09-22 11:09:04.510,2022-09-22 11:09:04.830,0.32,medium,medium_big,0 days 01:03:54.510000,0 days 01:03:54.830000,3833,3835,3834.51,3834.83,train_234.wav,True
235,235,498,389,534,152,145,22040,2022-09-22 11:09:16.670,2022-09-22 11:09:16.963,0.293,medium,medium_small,0 days 01:04:06.670000,0 days 01:04:06.963000,3845,3847,3846.67,3846.963,train_235.wav,True
236,236,500,58,305,340,247,83980,2022-09-22 11:09:27.043,2022-09-22 11:09:29.563,2.52,large,large,0 days 01:04:17.043000,0 days 01:04:19.563000,3857,3859,3857.043,3859.563,train_236.wav,True
237,237,502,365,526,167,161,26887,2022-09-22 11:09:40.737,2022-09-22 11:09:41.124,0.387,medium,medium,0 days 01:04:30.737000,0 days 01:04:31.124000,3869,3871,3870.737,3871.124,train_237.wav,True
238,238,504,104,263,150,159,23850,2022-09-22 11:09:57.164,2022-09-22 11:09:57.538,0.374,medium,medium_small,0 days 01:04:47.164000,0 days 01:04:47.538000,3886,3888,3887.164,3887.538000000001,train_238.wav,True
239,239,506,380,550,190,170,32300,2022-09-22 11:10:56.540,2022-09-22 11:10:56.980,0.44,medium,medium,0 days 01:05:46.540000,0 days 01:05:46.980000,3945,3947,3946.54,3946.980000000001,train_239.wav,True
240,240,508,416,589,156,173,26988,2022-09-22 11:11:20.795,2022-09-22 11:11:21.261,0.466,medium,medium_big,0 days 01:06:10.795000,0 days 01:06:11.261000,3970,3972,3970.795,3971.261,train_240.wav,True
241,241,510,105,272,156,167,26052,2022-09-22 11:11:22.115,2022-09-22 11:11:22.435,0.32,medium,medium,0 days 01:06:12.115000,0 days 01:06:12.435000,3971,3973,3972.115,3972.435,train_241.wav,True
242,242,512,371,537,144,166,23904,2022-09-22 11:11:58.156,2022-09-22 11:11:58.476,0.32,medium,medium,0 days 01:06:48.156000,0 days 01:06:48.476000,4007,4009,4008.156,4008.476,train_242.wav,True
243,243,514,404,575,154,171,26334,2022-09-22 11:12:07.357,2022-09-22 11:12:07.797,0.44,medium,medium_big,0 days 01:06:57.357000,0 days 01:06:57.797000,4016,4018,4017.357,4017.797,train_243.wav,True
244,244,516,104,268,162,164,26568,2022-09-22 11:12:48.664,2022-09-22 11:12:48.970,0.306,medium,medium,0 days 01:07:38.664000,0 days 01:07:38.970000,4057,4059,4058.664,4058.97,train_244.wav,True
245,245,518,341,590,339,249,84411,2022-09-22 11:12:54.104,2022-09-22 11:12:56.224,2.12,large,large,0 days 01:07:44.104000,0 days 01:07:46.224000,4064,4066,4064.104,4066.224,train_245.wav,True
246,246,520,365,527,158,162,25596,2022-09-22 11:13:28.799,2022-09-22 11:13:29.092,0.293,medium,medium,0 days 01:08:18.799000,0 days 01:08:19.092000,4097,4099,4098.799,4099.092000000001,train_246.wav,True
247,247,522,380,540,160,160,25600,2022-09-22 11:13:34.532,2022-09-22 11:13:34.946,0.414,medium,medium_small,0 days 01:08:24.532000,0 days 01:08:24.946000,4103,4105,4104.532,4104.946,train_247.wav,True
248,248,524,83,259,161,176,28336,2022-09-22 11:13:42.106,2022-09-22 11:13:42.480,0.374,medium,medium_big,0 days 01:08:32.106000,0 days 01:08:32.480000,4111,4113,4112.106000000001,4112.4800000000005,train_248.wav,True
249,249,526,376,537,176,161,28336,2022-09-22 11:14:00.747,2022-09-22 11:14:01.241,0.494,medium,medium,0 days 01:08:50.747000,0 days 01:08:51.241000,4129,4131,4130.747,4131.241,train_249.wav,True
250,250,528,380,532,153,152,23256,2022-09-22 11:14:09.521,2022-09-22 11:14:09.867,0.346,medium,medium_small,0 days 01:08:59.521000,0 days 01:08:59.867000,4138,4140,4139.521000000001,4139.867,train_250.wav,True
251,251,530,120,290,189,170,32130,2022-09-22 11:14:12.921,2022-09-22 11:14:13.427,0.506,medium,medium,0 days 01:09:02.921000,0 days 01:09:03.427000,4142,4144,4142.921,4143.427000000001,train_251.wav,True
252,252,532,375,536,165,161,26565,2022-09-22 11:14:21.027,2022-09-22 11:14:21.361,0.334,medium,medium,0 days 01:09:11.027000,0 days 01:09:11.361000,4150,4152,4151.027,4151.361,train_252.wav,True
253,253,534,114,287,225,173,38925,2022-09-22 11:14:49.055,2022-09-22 11:14:49.562,0.507,medium,medium_big,0 days 01:09:39.055000,0 days 01:09:39.562000,4178,4180,4179.055,4179.562,train_253.wav,True
254,254,536,106,288,175,182,31850,2022-09-22 11:14:51.962,2022-09-22 11:14:52.402,0.44,medium,medium_big,0 days 01:09:41.962000,0 days 01:09:42.402000,4181,4183,4181.962,4182.402,train_254.wav,True
255,255,538,102,272,201,170,34170,2022-09-22 11:15:17.656,2022-09-22 11:15:18.056,0.4,medium,medium,0 days 01:10:07.656000,0 days 01:10:08.056000,4206,4208,4207.656,4208.0560000000005,train_255.wav,True
256,256,540,371,538,169,167,28223,2022-09-22 11:15:54.430,2022-09-22 11:15:54.804,0.374,medium,medium,0 days 01:10:44.430000,0 days 01:10:44.804000,4243,4245,4244.43,4244.804,train_256.wav,True
257,257,542,341,493,155,152,23560,2022-09-22 11:16:01.685,2022-09-22 11:16:02.045,0.36,medium,medium_small,0 days 01:10:51.685000,0 days 01:10:52.045000,4250,4252,4251.685,4252.045,train_257.wav,True
258,258,544,117,290,190,173,32870,2022-09-22 11:16:18.698,2022-09-22 11:16:19.098,0.4,medium,medium_big,0 days 01:11:08.698000,0 days 01:11:09.098000,4267,4269,4268.698,4269.098,train_258.wav,True
259,259,546,90,263,146,173,25258,2022-09-22 11:16:48.513,2022-09-22 11:16:48.886,0.373,medium,medium_big,0 days 01:11:38.513000,0 days 01:11:38.886000,4297,4299,4298.513,4298.886,train_259.wav,True
260,260,548,105,265,164,160,26240,2022-09-22 11:16:51.392,2022-09-22 11:16:51.767,0.375,medium,medium_small,0 days 01:11:41.392000,0 days 01:11:41.767000,4300,4302,4301.392,4301.767,train_260.wav,True
261,261,550,108,274,148,166,24568,2022-09-22 11:17:50.849,2022-09-22 11:17:51.181,0.332,medium,medium,0 days 01:12:40.849000,0 days 01:12:41.181000,4360,4362,4360.849,4361.1810000000005,train_261.wav,True
262,262,552,321,577,362,256,92672,2022-09-22 11:18:33.223,2022-09-22 11:18:34.543,1.32,large,large,0 days 01:13:23.223000,0 days 01:13:24.543000,4402,4404,4403.223,4404.543000000001,train_262.wav,True
263,263,554,341,493,152,152,23104,2022-09-22 11:18:41.156,2022-09-22 11:18:41.916,0.76,medium,medium_small,0 days 01:13:31.156000,0 days 01:13:31.916000,4410,4412,4411.156,4411.916,train_263.wav,True
264,264,556,48,292,338,244,82472,2022-09-22 11:19:06.077,2022-09-22 11:19:08.304,2.227,large,large,0 days 01:13:56.077000,0 days 01:13:58.304000,4436,4438,4436.077,4438.304,train_264.wav,True
265,265,558,109,264,158,155,24490,2022-09-22 11:19:10.144,2022-09-22 11:19:10.492,0.348,medium,medium_small,0 days 01:14:00.144000,0 days 01:14:00.492000,4439,4441,4440.144,4440.492,train_265.wav,True
266,266,560,108,278,147,170,24990,2022-09-22 11:19:13.544,2022-09-22 11:19:14.024,0.48,medium,medium,0 days 01:14:03.544000,0 days 01:14:04.024000,4442,4444,4443.544,4444.024,train_266.wav,True
267,267,562,97,271,197,174,34278,2022-09-22 11:19:18.398,2022-09-22 11:19:18.878,0.48,medium,medium_big,0 days 01:14:08.398000,0 days 01:14:08.878000,4447,4449,4448.398,4448.878000000001,train_267.wav,True
268,268,564,45,297,73,252,18396,2022-09-22 11:19:19.078,2022-09-22 11:19:19.465,0.387,large,large,0 days 01:14:09.078000,0 days 01:14:09.465000,4448,4450,4449.078,4449.465,train_268.wav,True
269,269,566,107,276,186,169,31434,2022-09-22 11:19:37.012,2022-09-22 11:19:37.678,0.666,medium,medium,0 days 01:14:27.012000,0 days 01:14:27.678000,4466,4468,4467.012000000001,4467.678,train_269.wav,True
270,270,568,401,588,250,187,46750,2022-09-22 11:19:41.465,2022-09-22 11:19:41.905,0.44,medium,medium_big,0 days 01:14:31.465000,0 days 01:14:31.905000,4470,4472,4471.465,4471.905000000001,train_270.wav,True
271,271,570,85,258,187,173,32351,2022-09-22 11:19:54.453,2022-09-22 11:19:54.946,0.493,medium,medium_big,0 days 01:14:44.453000,0 days 01:14:44.946000,4483,4485,4484.453,4484.946,train_271.wav,True
272,272,572,85,268,163,183,29829,2022-09-22 11:19:56.333,2022-09-22 11:19:56.746,0.413,medium,medium_big,0 days 01:14:46.333000,0 days 01:14:46.746000,4485,4487,4486.3330000000005,4486.746,train_272.wav,True
273,273,574,365,552,250,187,46750,2022-09-22 11:20:03.879,2022-09-22 11:20:04.319,0.44,medium,medium_big,0 days 01:14:53.879000,0 days 01:14:54.319000,4493,4495,4493.879,4494.319,train_273.wav,True
274,274,576,360,532,167,172,28724,2022-09-22 11:21:46.603,2022-09-22 11:21:46.963,0.36,medium,medium_big,0 days 01:16:36.603000,0 days 01:16:36.963000,4595,4597,4596.603,4596.963000000001,train_274.wav,True
275,275,578,411,560,141,149,21009,2022-09-22 11:22:19.991,2022-09-22 11:22:20.311,0.32,medium,medium_small,0 days 01:17:09.991000,0 days 01:17:10.311000,4629,4631,4629.991,4630.311000000001,train_275.wav,True
276,276,580,60,313,356,253,90068,2022-09-22 11:22:30.431,2022-09-22 11:22:31.619,1.188,large,large,0 days 01:17:20.431000,0 days 01:17:21.619000,4640,4642,4640.4310000000005,4641.619000000001,train_276.wav,True
277,277,582,123,287,150,164,24600,2022-09-22 11:22:58.192,2022-09-22 11:22:58.420,0.228,medium,medium,0 days 01:17:48.192000,0 days 01:17:48.420000,4667,4669,4668.192,4668.42,train_277.wav,True
278,278,584,94,267,197,173,34081,2022-09-22 11:24:29.343,2022-09-22 11:24:29.755,0.412,medium,medium_big,0 days 01:19:19.343000,0 days 01:19:19.755000,4758,4760,4759.343,4759.755,train_278.wav,True
279,279,586,382,549,181,167,30227,2022-09-22 11:24:39.009,2022-09-22 11:24:39.463,0.454,medium,medium,0 days 01:19:29.009000,0 days 01:19:29.463000,4768,4770,4769.009,4769.463000000001,train_279.wav,True
280,280,588,110,274,175,164,28700,2022-09-22 11:24:50.916,2022-09-22 11:24:51.343,0.427,medium,medium,0 days 01:19:40.916000,0 days 01:19:41.343000,4780,4782,4780.916,4781.343,train_280.wav,True
281,281,590,351,520,166,169,28054,2022-09-22 11:25:05.104,2022-09-22 11:25:05.504,0.4,medium,medium,0 days 01:19:55.104000,0 days 01:19:55.504000,4794,4796,4795.104,4795.504,train_281.wav,True
282,282,592,376,558,164,182,29848,2022-09-22 11:25:34.118,2022-09-22 11:25:34.465,0.347,medium,medium_big,0 days 01:20:24.118000,0 days 01:20:24.465000,4823,4825,4824.118,4824.465,train_282.wav,True
283,283,594,120,287,185,167,30895,2022-09-22 11:26:07.026,2022-09-22 11:26:07.399,0.373,medium,medium,0 days 01:20:57.026000,0 days 01:20:57.399000,4856,4858,4857.026000000001,4857.399,train_283.wav,True
284,284,596,384,542,161,158,25438,2022-09-22 11:26:13.759,2022-09-22 11:26:14.067,0.308,medium,medium_small,0 days 01:21:03.759000,0 days 01:21:04.067000,4862,4864,4863.759,4864.067,train_284.wav,True
285,285,598,109,263,153,154,23562,2022-09-22 11:26:25.707,2022-09-22 11:26:26.027,0.32,medium,medium_small,0 days 01:21:15.707000,0 days 01:21:16.027000,4874,4876,4875.707,4876.027,train_285.wav,True
286,286,600,46,286,333,240,79920,2022-09-22 11:26:47.908,2022-09-22 11:26:49.108,1.2,large,large,0 days 01:21:37.908000,0 days 01:21:39.108000,4897,4899,4897.908,4899.108,train_286.wav,True
287,287,602,399,561,164,162,26568,2022-09-22 11:26:51.268,2022-09-22 11:26:51.654,0.386,medium,medium,0 days 01:21:41.268000,0 days 01:21:41.654000,4900,4902,4901.268,4901.654,train_287.wav,True
288,288,604,371,535,156,164,25584,2022-09-22 11:27:00.721,2022-09-22 11:27:01.108,0.387,medium,medium,0 days 01:21:50.721000,0 days 01:21:51.108000,4909,4911,4910.7210000000005,4911.108,train_288.wav,True
289,289,606,305,545,341,240,81840,2022-09-22 11:27:07.388,2022-09-22 11:27:09.509,2.121,large,large,0 days 01:21:57.388000,0 days 01:21:59.509000,4917,4919,4917.388,4919.509,train_289.wav,True
290,290,608,381,561,167,180,30060,2022-09-22 11:27:12.989,2022-09-22 11:27:13.389,0.4,medium,medium_big,0 days 01:22:02.989000,0 days 01:22:03.389000,4922,4924,4922.9890000000005,4923.389,train_290.wav,True
291,291,610,400,579,163,179,29177,2022-09-22 11:27:15.055,2022-09-22 11:27:15.441,0.386,medium,medium_big,0 days 01:22:05.055000,0 days 01:22:05.441000,4924,4926,4925.055,4925.441000000001,train_291.wav,True
292,292,612,311,568,416,257,106912,2022-09-22 11:27:31.602,2022-09-22 11:27:33.389,1.787,large,large,0 days 01:22:21.602000,0 days 01:22:23.389000,4941,4943,4941.602,4943.389,train_292.wav,True
293,293,614,101,340,340,239,81260,2022-09-22 11:28:24.511,2022-09-22 11:28:26.951,2.44,large,large,0 days 01:23:14.511000,0 days 01:23:16.951000,4994,4996,4994.511,4996.951,train_293.wav,True
294,294,616,154,312,162,158,25596,2022-09-22 11:28:50.858,2022-09-22 11:28:51.232,0.374,medium,medium_small,0 days 01:23:40.858000,0 days 01:23:41.232000,5020,5022,5020.858,5021.232,train_294.wav,True
295,295,618,84,137,175,53,9275,2022-09-22 11:29:28.099,2022-09-22 11:29:28.273,0.174,small,small,0 days 01:24:18.099000,0 days 01:24:18.273000,5057,5059,5058.099,5058.273,train_295.wav,True
296,296,620,114,278,145,164,23780,2022-09-22 11:30:11.755,2022-09-22 11:30:12.235,0.48,medium,medium,0 days 01:25:01.755000,0 days 01:25:02.235000,5100,5102,5101.755,5102.235000000001,train_296.wav,True
297,297,622,391,552,187,161,30107,2022-09-22 11:30:29.728,2022-09-22 11:30:30.141,0.413,medium,medium,0 days 01:25:19.728000,0 days 01:25:20.141000,5118,5120,5119.728,5120.1410000000005,train_297.wav,True
298,298,624,198,371,179,173,30967,2022-09-22 11:30:47.156,2022-09-22 11:30:47.569,0.413,medium,medium_big,0 days 01:25:37.156000,0 days 01:25:37.569000,5136,5138,5137.156,5137.569,train_298.wav,True
299,299,626,157,312,152,155,23560,2022-09-22 11:30:51.222,2022-09-22 11:30:51.582,0.36,medium,medium_small,0 days 01:25:41.222000,0 days 01:25:41.582000,5140,5142,5141.222000000001,5141.582,train_299.wav,True
300,300,628,134,307,167,173,28891,2022-09-22 11:30:54.089,2022-09-22 11:30:54.462,0.373,medium,medium_big,0 days 01:25:44.089000,0 days 01:25:44.462000,5143,5145,5144.089,5144.462,train_300.wav,True
301,301,630,93,263,144,170,24480,2022-09-22 11:31:01.422,2022-09-22 11:31:01.889,0.467,medium,medium,0 days 01:25:51.422000,0 days 01:25:51.889000,5150,5152,5151.4220000000005,5151.889,train_301.wav,True
302,302,632,104,276,199,172,34228,2022-09-22 11:31:21.223,2022-09-22 11:31:21.823,0.6,medium,medium_big,0 days 01:26:11.223000,0 days 01:26:11.823000,5170,5172,5171.223,5171.823,train_302.wav,True
303,303,634,174,433,426,259,110334,2022-09-22 11:31:57.691,2022-09-22 11:32:00.279,2.588,large,large,0 days 01:26:47.691000,0 days 01:26:50.279000,5207,5209,5207.691000000001,5210.279,train_303.wav,True
304,304,636,127,289,163,162,26406,2022-09-22 11:32:06.239,2022-09-22 11:32:06.612,0.373,medium,medium,0 days 01:26:56.239000,0 days 01:26:56.612000,5215,5217,5216.2390000000005,5216.612,train_304.wav,True
305,305,638,133,308,200,175,35000,2022-09-22 11:32:16.465,2022-09-22 11:32:16.839,0.374,medium,medium_big,0 days 01:27:06.465000,0 days 01:27:06.839000,5225,5227,5226.465,5226.839,train_305.wav,True
306,306,640,184,238,182,54,9828,2022-09-22 11:32:44.320,2022-09-22 11:32:44.413,0.093,small,small,0 days 01:27:34.320000,0 days 01:27:34.413000,5253,5255,5254.320000000001,5254.4130000000005,train_306.wav,True
307,307,642,53,126,173,73,12629,2022-09-22 11:32:44.293,2022-09-22 11:32:44.440,0.147,small,small,0 days 01:27:34.293000,0 days 01:27:34.440000,5253,5255,5254.293000000001,5254.4400000000005,train_307.wav,True
308,308,644,369,526,158,157,24806,2022-09-22 11:33:17.814,2022-09-22 11:33:18.201,0.387,medium,medium_small,0 days 01:28:07.814000,0 days 01:28:08.201000,5287,5289,5287.814,5288.201,train_308.wav,True
309,309,646,103,253,140,150,21000,2022-09-22 11:33:49.163,2022-09-22 11:33:49.455,0.292,medium,medium_small,0 days 01:28:39.163000,0 days 01:28:39.455000,5318,5320,5319.1630000000005,5319.455,train_309.wav,True
310,310,648,394,561,147,167,24549,2022-09-22 11:33:49.429,2022-09-22 11:33:49.882,0.453,medium,medium,0 days 01:28:39.429000,0 days 01:28:39.882000,5318,5320,5319.429,5319.8820000000005,train_310.wav,True
311,311,650,105,288,205,183,37515,2022-09-22 11:33:59.389,2022-09-22 11:33:59.803,0.414,medium,medium_big,0 days 01:28:49.389000,0 days 01:28:49.803000,5328,5330,5329.389,5329.803,train_311.wav,True
312,312,652,406,571,163,165,26895,2022-09-22 11:34:00.923,2022-09-22 11:34:01.336,0.413,medium,medium,0 days 01:28:50.923000,0 days 01:28:51.336000,5330,5332,5330.923000000001,5331.336,train_312.wav,True
313,313,654,76,244,171,168,28728,2022-09-22 11:34:04.789,2022-09-22 11:34:05.149,0.36,medium,medium,0 days 01:28:54.789000,0 days 01:28:55.149000,5333,5335,5334.789000000001,5335.149,train_313.wav,True
314,314,656,439,511,171,72,12312,2022-09-22 11:34:05.003,2022-09-22 11:34:05.163,0.16,small,small,0 days 01:28:55.003000,0 days 01:28:55.163000,5334,5336,5335.003000000001,5335.1630000000005,train_314.wav,True
315,315,658,399,483,173,84,14532,2022-09-22 11:34:06.963,2022-09-22 11:34:07.163,0.2,small,small,0 days 01:28:56.963000,0 days 01:28:57.163000,5336,5338,5336.963000000001,5337.1630000000005,train_315.wav,True
316,316,660,130,293,163,163,26569,2022-09-22 11:34:14.603,2022-09-22 11:34:14.989,0.386,medium,medium,0 days 01:29:04.603000,0 days 01:29:04.989000,5343,5345,5344.603,5344.9890000000005,train_316.wav,True
317,317,662,121,293,173,172,29756,2022-09-22 11:34:17.176,2022-09-22 11:34:17.576,0.4,medium,medium_big,0 days 01:29:07.176000,0 days 01:29:07.576000,5346,5348,5347.176,5347.576,train_317.wav,True
318,318,664,416,577,170,161,27370,2022-09-22 11:34:34.630,2022-09-22 11:34:34.990,0.36,medium,medium,0 days 01:29:24.630000,0 days 01:29:24.990000,5363,5365,5364.63,5364.990000000001,train_318.wav,True
319,319,666,352,605,340,253,86020,2022-09-22 11:34:43.791,2022-09-22 11:34:46.284,2.493,large,large,0 days 01:29:33.791000,0 days 01:29:36.284000,5374,5376,5373.791,5376.284000000001,train_319.wav,True
320,320,668,389,546,146,157,22922,2022-09-22 11:34:49.377,2022-09-22 11:34:49.857,0.48,medium,medium_small,0 days 01:29:39.377000,0 days 01:29:39.857000,5378,5380,5379.377,5379.857,train_320.wav,True
321,321,670,169,331,162,162,26244,2022-09-22 11:34:56.125,2022-09-22 11:34:56.565,0.44,medium,medium,0 days 01:29:46.125000,0 days 01:29:46.565000,5385,5387,5386.125,5386.5650000000005,train_321.wav,True
322,322,672,92,269,161,177,28497,2022-09-22 11:35:00.298,2022-09-22 11:35:00.631,0.333,medium,medium_big,0 days 01:29:50.298000,0 days 01:29:50.631000,5389,5391,5390.298000000001,5390.631,train_322.wav,True
323,323,674,413,577,159,164,26076,2022-09-22 11:35:06.778,2022-09-22 11:35:07.511,0.733,medium,medium,0 days 01:29:56.778000,0 days 01:29:57.511000,5396,5398,5396.778,5397.511,train_323.wav,True
324,324,676,86,258,194,172,33368,2022-09-22 11:35:26.192,2022-09-22 11:35:26.686,0.494,medium,medium_big,0 days 01:30:16.192000,0 days 01:30:16.686000,5415,5417,5416.192,5416.686000000001,train_324.wav,True
325,325,678,405,559,151,154,23254,2022-09-22 11:35:31.032,2022-09-22 11:35:31.432,0.4,medium,medium_small,0 days 01:30:21.032000,0 days 01:30:21.432000,5420,5422,5421.032,5421.432000000001,train_325.wav,True
326,326,680,362,530,149,168,25032,2022-09-22 11:35:47.313,2022-09-22 11:35:47.753,0.44,medium,medium,0 days 01:30:37.313000,0 days 01:30:37.753000,5436,5438,5437.313,5437.753000000001,train_326.wav,True
327,327,682,365,552,186,187,34782,2022-09-22 11:35:49.193,2022-09-22 11:35:49.713,0.52,medium,medium_big,0 days 01:30:39.193000,0 days 01:30:39.713000,5438,5440,5439.193,5439.713000000001,train_327.wav,True
328,328,684,112,284,163,172,28036,2022-09-22 11:35:54.980,2022-09-22 11:35:55.353,0.373,medium,medium_big,0 days 01:30:44.980000,0 days 01:30:45.353000,5444,5446,5444.9800000000005,5445.353,train_328.wav,True
329,329,686,96,275,150,179,26850,2022-09-22 11:35:57.833,2022-09-22 11:35:58.193,0.36,medium,medium_big,0 days 01:30:47.833000,0 days 01:30:48.193000,5447,5449,5447.8330000000005,5448.193,train_329.wav,True
330,330,688,91,277,258,186,47988,2022-09-22 11:36:45.461,2022-09-22 11:36:46.155,0.694,medium,medium_big,0 days 01:31:35.461000,0 days 01:31:36.155000,5494,5496,5495.461,5496.155000000001,train_330.wav,True
331,331,690,252,509,432,257,111024,2022-09-22 11:37:08.462,2022-09-22 11:37:10.475,2.013,large,large,0 days 01:31:58.462000,0 days 01:32:00.475000,5518,5520,5518.462,5520.475,train_331.wav,True
332,332,692,375,545,152,170,25840,2022-09-22 11:37:14.130,2022-09-22 11:37:15.222,1.092,medium,medium,0 days 01:32:04.130000,0 days 01:32:05.222000,5523,5525,5524.13,5525.222000000001,train_332.wav,True
333,333,694,100,263,156,163,25428,2022-09-22 11:37:19.422,2022-09-22 11:37:19.810,0.388,medium,medium,0 days 01:32:09.422000,0 days 01:32:09.810000,5528,5530,5529.4220000000005,5529.81,train_333.wav,True
334,334,696,373,535,163,162,26406,2022-09-22 11:38:08.452,2022-09-22 11:38:08.824,0.372,medium,medium,0 days 01:32:58.452000,0 days 01:32:58.824000,5577,5579,5578.452,5578.8240000000005,train_334.wav,True
335,335,698,350,517,170,167,28390,2022-09-22 11:38:10.824,2022-09-22 11:38:11.238,0.414,medium,medium,0 days 01:33:00.824000,0 days 01:33:01.238000,5580,5582,5580.8240000000005,5581.238,train_335.wav,True
336,336,700,389,555,164,166,27224,2022-09-22 11:38:32.398,2022-09-22 11:38:32.705,0.307,medium,medium,0 days 01:33:22.398000,0 days 01:33:22.705000,5601,5603,5602.398,5602.705,train_336.wav,True
337,337,702,359,531,199,172,34228,2022-09-22 11:38:47.239,2022-09-22 11:38:47.773,0.534,medium,medium_big,0 days 01:33:37.239000,0 days 01:33:37.773000,5616,5618,5617.2390000000005,5617.773,train_337.wav,True
338,338,704,401,562,157,161,25277,2022-09-22 11:39:06.480,2022-09-22 11:39:06.880,0.4,medium,medium,0 days 01:33:56.480000,0 days 01:33:56.880000,5635,5637,5636.4800000000005,5636.88,train_338.wav,True
339,339,706,78,239,172,161,27692,2022-09-22 11:39:06.639,2022-09-22 11:39:06.974,0.335,medium,medium,0 days 01:33:56.639000,0 days 01:33:56.974000,5635,5637,5636.639,5636.974,train_339.wav,True
340,340,708,367,540,198,173,34254,2022-09-22 11:39:08.719,2022-09-22 11:39:09.240,0.521,medium,medium_big,0 days 01:33:58.719000,0 days 01:33:59.240000,5637,5639,5638.719,5639.240000000001,train_340.wav,True
341,341,710,75,241,145,166,24070,2022-09-22 11:39:09.706,2022-09-22 11:39:10.066,0.36,medium,medium,0 days 01:33:59.706000,0 days 01:34:00.066000,5638,5640,5639.706,5640.066000000001,train_341.wav,True
342,342,712,65,311,339,246,83394,2022-09-22 11:39:45.841,2022-09-22 11:39:48.188,2.347,large,large,0 days 01:34:35.841000,0 days 01:34:38.188000,5676,5678,5675.841,5678.188,train_342.wav,True
343,343,714,119,288,183,169,30927,2022-09-22 11:39:50.895,2022-09-22 11:39:51.348,0.453,medium,medium,0 days 01:34:40.895000,0 days 01:34:41.348000,5680,5682,5680.895,5681.348,train_343.wav,True
344,344,716,101,273,161,172,27692,2022-09-22 11:39:53.375,2022-09-22 11:39:53.801,0.426,medium,medium_big,0 days 01:34:43.375000,0 days 01:34:43.801000,5682,5684,5683.375,5683.801,train_344.wav,True
345,345,718,81,241,174,160,27840,2022-09-22 11:40:00.696,2022-09-22 11:40:01.068,0.372,medium,medium_small,0 days 01:34:50.696000,0 days 01:34:51.068000,5689,5691,5690.696,5691.068,train_345.wav,True
346,346,720,397,552,153,155,23715,2022-09-22 11:40:02.548,2022-09-22 11:40:02.882,0.334,medium,medium_small,0 days 01:34:52.548000,0 days 01:34:52.882000,5691,5693,5692.548000000001,5692.8820000000005,train_346.wav,True
347,347,722,375,533,156,158,24648,2022-09-22 11:40:08.828,2022-09-22 11:40:09.148,0.32,medium,medium_small,0 days 01:34:58.828000,0 days 01:34:59.148000,5697,5699,5698.828,5699.148,train_347.wav,True
348,348,724,390,540,160,150,24000,2022-09-22 11:40:15.042,2022-09-22 11:40:15.349,0.307,medium,medium_small,0 days 01:35:05.042000,0 days 01:35:05.349000,5704,5706,5705.042,5705.349,train_348.wav,True
349,349,726,374,548,168,174,29232,2022-09-22 11:40:18.082,2022-09-22 11:40:18.456,0.374,medium,medium_big,0 days 01:35:08.082000,0 days 01:35:08.456000,5707,5709,5708.082,5708.456,train_349.wav,True
350,350,728,154,414,434,260,112840,2022-09-22 11:41:00.870,2022-09-22 11:41:03.684,2.814,large,large,0 days 01:35:50.870000,0 days 01:35:53.684000,5751,5753,5750.870000000001,5753.684,train_350.wav,True
351,351,730,469,530,184,61,11224,2022-09-22 11:42:21.126,2022-09-22 11:42:21.221,0.095,small,small,0 days 01:37:11.126000,0 days 01:37:11.221000,5830,5832,5831.126,5831.2210000000005,train_351.wav,True
352,352,732,86,260,166,174,28884,2022-09-22 11:42:32.887,2022-09-22 11:42:33.234,0.347,medium,medium_big,0 days 01:37:22.887000,0 days 01:37:23.234000,5842,5844,5842.887000000001,5843.234,train_352.wav,True
353,353,734,80,241,187,161,30107,2022-09-22 11:43:10.502,2022-09-22 11:43:11.062,0.56,medium,medium,0 days 01:38:00.502000,0 days 01:38:01.062000,5879,5881,5880.502,5881.062000000001,train_353.wav,True
354,354,736,132,293,144,161,23184,2022-09-22 11:43:31.729,2022-09-22 11:43:32.169,0.44,medium,medium,0 days 01:38:21.729000,0 days 01:38:22.169000,5900,5902,5901.729,5902.169000000001,train_354.wav,True
355,355,738,66,118,158,52,8216,2022-09-22 11:43:53.010,2022-09-22 11:43:53.116,0.106,small,small,0 days 01:38:43.010000,0 days 01:38:43.116000,5922,5924,5923.01,5923.116,train_355.wav,True
356,356,740,358,603,339,245,83055,2022-09-22 11:43:53.276,2022-09-22 11:43:55.584,2.308,large,large,0 days 01:38:43.276000,0 days 01:38:45.584000,5923,5925,5923.276000000001,5925.584000000001,train_356.wav,True
357,357,742,97,258,155,161,24955,2022-09-22 11:43:57.396,2022-09-22 11:43:57.890,0.494,medium,medium,0 days 01:38:47.396000,0 days 01:38:47.890000,5926,5928,5927.396000000001,5927.89,train_357.wav,True
358,358,744,321,571,294,250,73500,2022-09-22 11:44:07.384,2022-09-22 11:44:08.037,0.653,large,large,0 days 01:38:57.384000,0 days 01:38:58.037000,5936,5938,5937.384,5938.037,train_358.wav,True
359,359,746,359,525,162,166,26892,2022-09-22 11:44:15.037,2022-09-22 11:44:15.425,0.388,medium,medium,0 days 01:39:05.037000,0 days 01:39:05.425000,5944,5946,5945.037,5945.425,train_359.wav,True
360,360,748,392,545,154,153,23562,2022-09-22 11:44:17.464,2022-09-22 11:44:17.810,0.346,medium,medium_small,0 days 01:39:07.464000,0 days 01:39:07.810000,5946,5948,5947.464,5947.81,train_360.wav,True
361,361,750,109,277,180,168,30240,2022-09-22 11:45:08.986,2022-09-22 11:45:09.452,0.466,medium,medium,0 days 01:39:58.986000,0 days 01:39:59.452000,5998,6000,5998.986000000001,5999.452,train_361.wav,True
362,362,752,124,298,169,174,29406,2022-09-22 11:45:18.733,2022-09-22 11:45:19.067,0.334,medium,medium_big,0 days 01:40:08.733000,0 days 01:40:09.067000,6007,6009,6008.733,6009.067,train_362.wav,True
363,363,754,90,264,169,174,29406,2022-09-22 11:45:20.587,2022-09-22 11:45:20.933,0.346,medium,medium_big,0 days 01:40:10.587000,0 days 01:40:10.933000,6009,6011,6010.587,6010.933,train_363.wav,True
364,364,756,494,557,164,63,10332,2022-09-22 11:45:24.160,2022-09-22 11:45:24.293,0.133,small,small,0 days 01:40:14.160000,0 days 01:40:14.293000,6013,6015,6014.160000000001,6014.293000000001,train_364.wav,True
365,365,758,414,577,166,163,27058,2022-09-22 11:45:35.013,2022-09-22 11:45:35.360,0.347,medium,medium,0 days 01:40:25.013000,0 days 01:40:25.360000,6024,6026,6025.013000000001,6025.360000000001,train_365.wav,True
366,366,760,54,288,332,234,77688,2022-09-22 11:45:40.520,2022-09-22 11:45:41.720,1.2,large,large,0 days 01:40:30.520000,0 days 01:40:31.720000,6030,6032,6030.52,6031.72,train_366.wav,True
367,367,762,423,587,160,164,26240,2022-09-22 11:45:42.333,2022-09-22 11:45:42.680,0.347,medium,medium,0 days 01:40:32.333000,0 days 01:40:32.680000,6031,6033,6032.3330000000005,6032.68,train_367.wav,True
368,368,764,109,265,151,156,23556,2022-09-22 11:46:00.374,2022-09-22 11:46:00.774,0.4,medium,medium_small,0 days 01:40:50.374000,0 days 01:40:50.774000,6049,6051,6050.374000000001,6050.774,train_368.wav,True
369,369,766,109,275,188,166,31208,2022-09-22 11:46:04.441,2022-09-22 11:46:04.788,0.347,medium,medium,0 days 01:40:54.441000,0 days 01:40:54.788000,6053,6055,6054.441000000001,6054.7880000000005,train_369.wav,True
370,370,768,122,278,178,156,27768,2022-09-22 11:46:09.561,2022-09-22 11:46:09.828,0.267,medium,medium_small,0 days 01:40:59.561000,0 days 01:40:59.828000,6058,6060,6059.561000000001,6059.828,train_370.wav,True
371,371,770,382,549,145,167,24215,2022-09-22 11:46:20.721,2022-09-22 11:46:21.095,0.374,medium,medium,0 days 01:41:10.721000,0 days 01:41:11.095000,6069,6071,6070.7210000000005,6071.095,train_371.wav,True
372,372,772,131,288,148,157,23236,2022-09-22 11:46:28.935,2022-09-22 11:46:29.282,0.347,medium,medium_small,0 days 01:41:18.935000,0 days 01:41:19.282000,6078,6080,6078.935,6079.282,train_372.wav,True
373,373,774,360,538,158,178,28124,2022-09-22 11:46:39.402,2022-09-22 11:46:39.682,0.28,medium,medium_big,0 days 01:41:29.402000,0 days 01:41:29.682000,6088,6090,6089.402,6089.682000000001,train_373.wav,True
374,374,776,401,570,146,169,24674,2022-09-22 11:47:02.723,2022-09-22 11:47:03.110,0.387,medium,medium,0 days 01:41:52.723000,0 days 01:41:53.110000,6111,6113,6112.723,6113.110000000001,train_374.wav,True
375,375,778,396,567,152,171,25992,2022-09-22 11:47:04.336,2022-09-22 11:47:04.776,0.44,medium,medium_big,0 days 01:41:54.336000,0 days 01:41:54.776000,6113,6115,6114.336,6114.776000000001,train_375.wav,True
376,376,780,62,323,415,261,108315,2022-09-22 11:47:48.178,2022-09-22 11:47:50.392,2.214,large,large,0 days 01:42:38.178000,0 days 01:42:40.392000,6158,6160,6158.178000000001,6160.392000000001,train_376.wav,True
377,377,782,93,265,193,172,33196,2022-09-22 11:48:43.820,2022-09-22 11:48:44.366,0.546,medium,medium_big,0 days 01:43:33.820000,0 days 01:43:34.366000,6213,6215,6213.820000000001,6214.366,train_377.wav,True
378,378,784,61,308,339,247,83733,2022-09-22 11:49:03.367,2022-09-22 11:49:06.287,2.92,large,large,0 days 01:43:53.367000,0 days 01:43:56.287000,6233,6235,6233.367,6236.287,train_378.wav,True
379,379,786,99,271,198,172,34056,2022-09-22 11:49:16.648,2022-09-22 11:49:17.195,0.547,medium,medium_big,0 days 01:44:06.648000,0 days 01:44:07.195000,6245,6247,6246.648,6247.195000000001,train_379.wav,True
380,380,788,365,531,146,166,24236,2022-09-22 11:49:17.901,2022-09-22 11:49:18.301,0.4,medium,medium,0 days 01:44:07.901000,0 days 01:44:08.301000,6247,6249,6247.901000000001,6248.301,train_380.wav,True
381,381,790,370,540,162,170,27540,2022-09-22 11:49:36.101,2022-09-22 11:49:36.356,0.255,medium,medium,0 days 01:44:26.101000,0 days 01:44:26.356000,6265,6267,6266.101000000001,6266.356000000001,train_381.wav,True
382,382,792,358,529,198,171,33858,2022-09-22 11:50:47.064,2022-09-22 11:50:47.451,0.387,medium,medium_big,0 days 01:45:37.064000,0 days 01:45:37.451000,6336,6338,6337.064,6337.451,train_382.wav,True
383,383,794,327,571,183,244,44652,2022-09-22 11:50:47.624,2022-09-22 11:50:47.971,0.347,large,large,0 days 01:45:37.624000,0 days 01:45:37.971000,6336,6338,6337.624000000001,6337.9710000000005,train_383.wav,True
384,384,796,100,257,145,157,22765,2022-09-22 11:50:57.651,2022-09-22 11:50:57.865,0.214,medium,medium_small,0 days 01:45:47.651000,0 days 01:45:47.865000,6346,6348,6347.651000000001,6347.865000000001,train_384.wav,True
385,385,798,406,562,147,156,22932,2022-09-22 11:50:58.278,2022-09-22 11:50:58.651,0.373,medium,medium_small,0 days 01:45:48.278000,0 days 01:45:48.651000,6347,6349,6348.278,6348.651000000001,train_385.wav,True
386,386,800,371,539,182,168,30576,2022-09-22 11:51:14.185,2022-09-22 11:51:14.652,0.467,medium,medium,0 days 01:46:04.185000,0 days 01:46:04.652000,6363,6365,6364.185,6364.652,train_386.wav,True
387,387,802,374,539,171,165,28215,2022-09-22 11:51:32.040,2022-09-22 11:51:32.386,0.346,medium,medium,0 days 01:46:22.040000,0 days 01:46:22.386000,6381,6383,6382.04,6382.386,train_387.wav,True
388,388,804,66,324,322,258,83076,2022-09-22 11:51:44.826,2022-09-22 11:51:45.973,1.147,large,large,0 days 01:46:34.826000,0 days 01:46:35.973000,6394,6396,6394.826,6395.973,train_388.wav,True
389,389,806,365,544,164,179,29356,2022-09-22 11:51:51.666,2022-09-22 11:51:52.013,0.347,medium,medium_big,0 days 01:46:41.666000,0 days 01:46:42.013000,6400,6402,6401.666,6402.013000000001,train_389.wav,True
390,390,808,392,571,189,179,33831,2022-09-22 11:52:09.321,2022-09-22 11:52:09.841,0.52,medium,medium_big,0 days 01:46:59.321000,0 days 01:46:59.841000,6418,6420,6419.321000000001,6419.841,train_390.wav,True
391,391,810,110,273,166,163,27058,2022-09-22 11:52:11.961,2022-09-22 11:52:12.267,0.306,medium,medium,0 days 01:47:01.961000,0 days 01:47:02.267000,6421,6423,6421.961,6422.267000000001,train_391.wav,True
392,392,812,86,251,182,165,30030,2022-09-22 11:52:39.868,2022-09-22 11:52:40.295,0.427,medium,medium,0 days 01:47:29.868000,0 days 01:47:30.295000,6449,6451,6449.868,6450.295,train_392.wav,True
393,393,814,134,313,200,179,35800,2022-09-22 11:52:55.455,2022-09-22 11:52:55.895,0.44,medium,medium_big,0 days 01:47:45.455000,0 days 01:47:45.895000,6464,6466,6465.455000000001,6465.895,train_393.wav,True
394,394,816,396,557,152,161,24472,2022-09-22 11:53:44.737,2022-09-22 11:53:45.285,0.548,medium,medium,0 days 01:48:34.737000,0 days 01:48:35.285000,6514,6516,6514.737,6515.285000000001,train_394.wav,True
395,395,818,365,597,340,232,78880,2022-09-22 11:53:59.311,2022-09-22 11:54:01.671,2.36,large,large,0 days 01:48:49.311000,0 days 01:48:51.671000,6529,6531,6529.311000000001,6531.671,train_395.wav,True
396,396,820,354,525,195,171,33345,2022-09-22 11:54:03.405,2022-09-22 11:54:03.938,0.533,medium,medium_big,0 days 01:48:53.405000,0 days 01:48:53.938000,6532,6534,6533.405000000001,6533.938,train_396.wav,True
397,397,822,411,565,146,154,22484,2022-09-22 11:54:38.126,2022-09-22 11:54:38.606,0.48,medium,medium_small,0 days 01:49:28.126000,0 days 01:49:28.606000,6567,6569,6568.126,6568.606000000001,train_397.wav,True
398,398,824,108,274,180,166,29880,2022-09-22 11:54:59.287,2022-09-22 11:54:59.700,0.413,medium,medium,0 days 01:49:49.287000,0 days 01:49:49.700000,6588,6590,6589.287,6589.700000000001,train_398.wav,True
399,399,826,67,233,165,166,27390,2022-09-22 11:55:26.488,2022-09-22 11:55:26.874,0.386,medium,medium,0 days 01:50:16.488000,0 days 01:50:16.874000,6615,6617,6616.488,6616.874000000001,train_399.wav,True
400,400,828,404,565,159,161,25599,2022-09-22 11:55:38.941,2022-09-22 11:55:39.354,0.413,medium,medium,0 days 01:50:28.941000,0 days 01:50:29.354000,6628,6630,6628.941000000001,6629.354,train_400.wav,True
401,401,830,351,522,158,171,27018,2022-09-22 11:55:56.929,2022-09-22 11:55:57.355,0.426,medium,medium_big,0 days 01:50:46.929000,0 days 01:50:47.355000,6646,6648,6646.929,6647.3550000000005,train_401.wav,True
402,402,832,364,537,165,173,28545,2022-09-22 11:56:20.450,2022-09-22 11:56:20.796,0.346,medium,medium_big,0 days 01:51:10.450000,0 days 01:51:10.796000,6669,6671,6670.450000000001,6670.796,train_402.wav,True
403,403,834,167,239,172,72,12384,2022-09-22 11:56:43.303,2022-09-22 11:56:43.371,0.068,small,small,0 days 01:51:33.303000,0 days 01:51:33.371000,6692,6694,6693.303000000001,6693.371,train_403.wav,True
404,404,836,85,158,175,73,12775,2022-09-22 11:56:43.956,2022-09-22 11:56:44.036,0.08,small,small,0 days 01:51:33.956000,0 days 01:51:34.036000,6692,6694,6693.956,6694.036,train_404.wav,True
405,405,838,85,320,337,235,79195,2022-09-22 11:56:54.943,2022-09-22 11:56:55.984,1.041,large,large,0 days 01:51:44.943000,0 days 01:51:45.984000,6704,6706,6704.943,6705.984,train_405.wav,True
406,406,840,104,276,188,172,32336,2022-09-22 11:57:00.624,2022-09-22 11:57:01.051,0.427,medium,medium_big,0 days 01:51:50.624000,0 days 01:51:51.051000,6709,6711,6710.624000000001,6711.051,train_406.wav,True
407,407,842,377,551,197,174,34278,2022-09-22 11:57:10.984,2022-09-22 11:57:11.412,0.428,medium,medium_big,0 days 01:52:00.984000,0 days 01:52:01.412000,6720,6722,6720.984,6721.412,train_407.wav,True
408,408,844,365,518,146,153,22338,2022-09-22 11:57:15.998,2022-09-22 11:57:16.384,0.386,medium,medium_small,0 days 01:52:05.998000,0 days 01:52:06.384000,6725,6727,6725.9980000000005,6726.384,train_408.wav,True
409,409,846,112,293,165,181,29865,2022-09-22 11:57:17.784,2022-09-22 11:57:18.104,0.32,medium,medium_big,0 days 01:52:07.784000,0 days 01:52:08.104000,6726,6728,6727.784000000001,6728.104,train_409.wav,True
410,410,848,369,534,183,165,30195,2022-09-22 11:57:44.773,2022-09-22 11:57:45.133,0.36,medium,medium,0 days 01:52:34.773000,0 days 01:52:35.133000,6753,6755,6754.773,6755.133000000001,train_410.wav,True
411,411,850,417,493,167,76,12692,2022-09-22 11:57:53.039,2022-09-22 11:57:53.159,0.12,small,small,0 days 01:52:43.039000,0 days 01:52:43.159000,6762,6764,6763.039000000001,6763.159000000001,train_411.wav,True
412,412,852,114,264,151,150,22650,2022-09-22 11:58:29.054,2022-09-22 11:58:29.374,0.32,medium,medium_small,0 days 01:53:19.054000,0 days 01:53:19.374000,6798,6800,6799.054,6799.374000000001,train_412.wav,True
413,413,854,385,548,162,163,26406,2022-09-22 11:58:31.174,2022-09-22 11:58:31.547,0.373,medium,medium,0 days 01:53:21.174000,0 days 01:53:21.547000,6800,6802,6801.174,6801.5470000000005,train_413.wav,True
414,414,856,34,274,338,240,81120,2022-09-22 11:59:20.789,2022-09-22 11:59:23.616,2.827,large,large,0 days 01:54:10.789000,0 days 01:54:13.616000,6851,6853,6850.789000000001,6853.616,train_414.wav,True
415,415,858,401,562,151,161,24311,2022-09-22 11:59:23.349,2022-09-22 11:59:23.816,0.467,medium,medium,0 days 01:54:13.349000,0 days 01:54:13.816000,6852,6854,6853.349,6853.816000000001,train_415.wav,True
416,416,860,403,562,149,159,23691,2022-09-22 11:59:25.482,2022-09-22 11:59:25.722,0.24,medium,medium_small,0 days 01:54:15.482000,0 days 01:54:15.722000,6854,6856,6855.482000000001,6855.722000000001,train_416.wav,True
417,417,862,96,253,145,157,22765,2022-09-22 11:59:26.802,2022-09-22 11:59:27.136,0.334,medium,medium_small,0 days 01:54:16.802000,0 days 01:54:17.136000,6855,6857,6856.802000000001,6857.136,train_417.wav,True
418,418,864,121,285,162,164,26568,2022-09-22 12:00:01.844,2022-09-22 12:00:02.350,0.506,medium,medium,0 days 01:54:51.844000,0 days 01:54:52.350000,6891,6893,6891.844,6892.35,train_418.wav,True
419,419,866,82,247,146,165,24090,2022-09-22 12:00:15.258,2022-09-22 12:00:15.778,0.52,medium,medium,0 days 01:55:05.258000,0 days 01:55:05.778000,6904,6906,6905.258000000001,6905.778,train_419.wav,True
420,420,868,86,249,167,163,27221,2022-09-22 12:00:45.379,2022-09-22 12:00:45.752,0.373,medium,medium,0 days 01:55:35.379000,0 days 01:55:35.752000,6934,6936,6935.379000000001,6935.752,train_420.wav,True
421,421,870,388,568,167,180,30060,2022-09-22 12:00:51.232,2022-09-22 12:00:51.645,0.413,medium,medium_big,0 days 01:55:41.232000,0 days 01:55:41.645000,6940,6942,6941.232000000001,6941.645,train_421.wav,True
422,422,872,121,283,150,162,24300,2022-09-22 12:01:06.366,2022-09-22 12:01:06.766,0.4,medium,medium,0 days 01:55:56.366000,0 days 01:55:56.766000,6955,6957,6956.366,6956.7660000000005,train_422.wav,True
423,423,874,108,287,164,179,29356,2022-09-22 12:01:10.433,2022-09-22 12:01:10.886,0.453,medium,medium_big,0 days 01:56:00.433000,0 days 01:56:00.886000,6959,6961,6960.433,6960.886,train_423.wav,True
424,424,876,156,222,167,66,11022,2022-09-22 12:01:15.113,2022-09-22 12:01:15.193,0.08,small,small,0 days 01:56:05.113000,0 days 01:56:05.193000,6964,6966,6965.113,6965.193,train_424.wav,True
425,425,878,355,521,189,166,31374,2022-09-22 12:01:35.714,2022-09-22 12:01:36.034,0.32,medium,medium,0 days 01:56:25.714000,0 days 01:56:26.034000,6984,6986,6985.714000000001,6986.034000000001,train_425.wav,True
426,426,880,137,302,164,165,27060,2022-09-22 12:02:16.075,2022-09-22 12:02:16.475,0.4,medium,medium,0 days 01:57:06.075000,0 days 01:57:06.475000,7025,7027,7026.075000000001,7026.475,train_426.wav,True
427,427,882,114,269,149,155,23095,2022-09-22 12:02:32.503,2022-09-22 12:02:32.783,0.28,medium,medium_small,0 days 01:57:22.503000,0 days 01:57:22.783000,7041,7043,7042.503000000001,7042.783,train_427.wav,True
428,428,884,274,540,375,266,99750,2022-09-22 12:03:52.238,2022-09-22 12:03:54.626,2.388,large,large,0 days 01:58:42.238000,0 days 01:58:44.626000,7122,7124,7122.238,7124.626,train_428.wav,True
429,429,886,379,551,167,172,28724,2022-09-22 12:03:56.372,2022-09-22 12:03:57.386,1.014,medium,medium_big,0 days 01:58:46.372000,0 days 01:58:47.386000,7125,7127,7126.372,7127.386,train_429.wav,True
430,430,888,394,548,177,154,27258,2022-09-22 12:04:11.052,2022-09-22 12:04:11.452,0.4,medium,medium_small,0 days 01:59:01.052000,0 days 01:59:01.452000,7140,7142,7141.052000000001,7141.452,train_430.wav,True
431,431,890,119,288,187,169,31603,2022-09-22 12:04:33.707,2022-09-22 12:04:34.227,0.52,medium,medium,0 days 01:59:23.707000,0 days 01:59:24.227000,7162,7164,7163.707,7164.227000000001,train_431.wav,True
432,432,892,401,565,189,164,30996,2022-09-22 12:04:49.388,2022-09-22 12:04:49.840,0.452,medium,medium,0 days 01:59:39.388000,0 days 01:59:39.840000,7178,7180,7179.388000000001,7179.84,train_432.wav,True
433,433,894,176,356,149,180,26820,2022-09-22 12:04:56.534,2022-09-22 12:04:56.894,0.36,medium,medium_big,0 days 01:59:46.534000,0 days 01:59:46.894000,7185,7187,7186.534000000001,7186.894,train_433.wav,True
434,434,896,345,519,190,174,33060,2022-09-22 12:05:59.016,2022-09-22 12:05:59.456,0.44,medium,medium_big,0 days 02:00:49.016000,0 days 02:00:49.456000,7248,7250,7249.016,7249.456,train_434.wav,True
