,y0,y1,height,width,front_area,datetime_enter,datetime_leave,duration,timedelta_start,timedelta_end,audio_start_s,audio_end_s,class_1,class_2
109,98,159,174,61,10614,2022-10-28 10:37:51.772,2022-10-28 10:37:51.972,0.2,0 days 00:00:11.772000,0 days 00:00:11.972000,10.872,12.872,small,small
110,394,559,164,165,27060,2022-10-28 10:38:34.453,2022-10-28 10:38:34.880,0.42700000000000005,0 days 00:00:54.453000,0 days 00:00:54.880000,53.6665,55.6665,medium,medium
111,124,283,153,159,24327,2022-10-28 10:38:37.240,2022-10-28 10:38:37.600,0.36000000000000004,0 days 00:00:57.240000,0 days 00:00:57.600000,56.42,58.42,medium,medium_small
112,58,313,321,255,81855,2022-10-28 10:39:02.094,2022-10-28 10:39:03.814,1.7200000000000002,0 days 00:01:22.094000,0 days 00:01:23.814000,81.95400000000001,83.95400000000001,large,large
113,57,299,338,242,81796,2022-10-28 10:39:07.894,2022-10-28 10:39:10.708,2.814,0 days 00:01:27.894000,0 days 00:01:30.708000,88.30100000000002,90.30100000000002,large,large
114,70,249,197,179,35263,2022-10-28 10:39:13.908,2022-10-28 10:39:14.388,0.48000000000000004,0 days 00:01:33.908000,0 days 00:01:34.388000,93.148,95.148,medium,medium_big
115,331,502,160,171,27360,2022-10-28 10:39:19.254,2022-10-28 10:39:19.575,0.321,0 days 00:01:39.254000,0 days 00:01:39.575000,98.4145,100.4145,medium,medium_big
116,322,493,152,171,25992,2022-10-28 10:39:21.229,2022-10-28 10:39:21.655,0.42600000000000005,0 days 00:01:41.229000,0 days 00:01:41.655000,100.44200000000001,102.44200000000001,medium,medium_big
117,105,278,147,173,25431,2022-10-28 10:40:22.603,2022-10-28 10:40:23.111,0.508,0 days 00:02:42.603000,0 days 00:02:43.111000,161.85700000000003,163.85700000000003,medium,medium_big
118,361,548,180,187,33660,2022-10-28 10:40:24.923,2022-10-28 10:40:25.271,0.34800000000000003,0 days 00:02:44.923000,0 days 00:02:45.271000,164.097,166.097,medium,medium_big
119,378,547,157,169,26533,2022-10-28 10:41:25.366,2022-10-28 10:41:25.699,0.333,0 days 00:03:45.366000,0 days 00:03:45.699000,224.53250000000003,226.53250000000003,medium,medium
120,155,327,166,172,28552,2022-10-28 10:41:42.966,2022-10-28 10:41:43.314,0.34800000000000003,0 days 00:04:02.966000,0 days 00:04:03.314000,242.14000000000001,244.14000000000001,medium,medium_big
121,344,517,200,173,34600,2022-10-28 10:42:00.807,2022-10-28 10:42:01.434,0.627,0 days 00:04:20.807000,0 days 00:04:21.434000,260.1205,262.1205,medium,medium_big
122,360,529,164,169,27716,2022-10-28 10:42:03.247,2022-10-28 10:42:03.860,0.613,0 days 00:04:23.247000,0 days 00:04:23.860000,262.5535,264.5535,medium,medium
123,112,273,148,161,23828,2022-10-28 10:42:26.928,2022-10-28 10:42:27.381,0.453,0 days 00:04:46.928000,0 days 00:04:47.381000,286.1545,288.1545,medium,medium
124,305,547,342,242,82764,2022-10-28 10:43:15.823,2022-10-28 10:43:18.129,2.306,0 days 00:05:35.823000,0 days 00:05:38.129000,335.976,337.976,large,large
125,357,532,164,175,28700,2022-10-28 10:43:24.450,2022-10-28 10:43:24.863,0.41300000000000003,0 days 00:05:44.450000,0 days 00:05:44.863000,343.65650000000005,345.65650000000005,medium,medium_big
126,380,542,177,162,28674,2022-10-28 10:43:29.650,2022-10-28 10:43:29.930,0.28,0 days 00:05:49.650000,0 days 00:05:49.930000,348.79,350.79,medium,medium
127,104,276,192,172,33024,2022-10-28 10:43:32.823,2022-10-28 10:43:33.170,0.34700000000000003,0 days 00:05:52.823000,0 days 00:05:53.170000,351.9965,353.9965,medium,medium_big
128,98,269,175,171,29925,2022-10-28 10:43:37.797,2022-10-28 10:43:38.063,0.266,0 days 00:05:57.797000,0 days 00:05:58.063000,356.93000000000006,358.93000000000006,medium,medium_big
129,107,298,182,191,34762,2022-10-28 10:43:42.318,2022-10-28 10:43:42.650,0.332,0 days 00:06:02.318000,0 days 00:06:02.650000,361.48400000000004,363.48400000000004,medium,medium_big
130,113,278,166,165,27390,2022-10-28 10:43:55.704,2022-10-28 10:43:56.118,0.41400000000000003,0 days 00:06:15.704000,0 days 00:06:16.118000,374.91100000000006,376.91100000000006,medium,medium
131,111,290,288,179,51552,2022-10-28 10:44:00.931,2022-10-28 10:44:01.678,0.747,0 days 00:06:20.931000,0 days 00:06:21.678000,380.3045,382.3045,medium,medium_big
132,370,535,156,165,25740,2022-10-28 10:44:05.518,2022-10-28 10:44:05.999,0.48100000000000004,0 days 00:06:25.518000,0 days 00:06:25.999000,384.7585,386.7585,medium,medium
133,110,289,173,179,30967,2022-10-28 10:44:18.371,2022-10-28 10:44:18.759,0.388,0 days 00:06:38.371000,0 days 00:06:38.759000,397.56500000000005,399.56500000000005,medium,medium_big
134,240,308,183,68,12444,2022-10-28 10:44:40.172,2022-10-28 10:44:40.572,0.4,0 days 00:07:00.172000,0 days 00:07:00.572000,419.372,421.372,small,small
135,398,565,146,167,24382,2022-10-28 10:45:51.188,2022-10-28 10:45:51.588,0.4,0 days 00:08:11.188000,0 days 00:08:11.588000,490.38800000000003,492.38800000000003,medium,medium
136,36,275,333,239,79587,2022-10-28 10:45:55.442,2022-10-28 10:45:56.415,0.9730000000000001,0 days 00:08:15.442000,0 days 00:08:16.415000,494.9285,496.9285,large,large
137,410,586,197,176,34672,2022-10-28 10:46:01.842,2022-10-28 10:46:02.215,0.373,0 days 00:08:21.842000,0 days 00:08:22.215000,501.0285,503.0285,medium,medium_big
138,370,529,163,159,25917,2022-10-28 10:47:54.699,2022-10-28 10:47:54.966,0.267,0 days 00:10:14.699000,0 days 00:10:14.966000,613.8325,615.8325,medium,medium_small
139,317,571,324,254,82296,2022-10-28 10:48:07.647,2022-10-28 10:48:08.473,0.8260000000000001,0 days 00:10:27.647000,0 days 00:10:28.473000,627.0600000000001,629.0600000000001,large,large
140,90,265,165,175,28875,2022-10-28 10:48:26.340,2022-10-28 10:48:26.687,0.34700000000000003,0 days 00:10:46.340000,0 days 00:10:46.687000,645.5135,647.5135,medium,medium_big
141,117,288,185,171,31635,2022-10-28 10:49:04.221,2022-10-28 10:49:04.569,0.34800000000000003,0 days 00:11:24.221000,0 days 00:11:24.569000,683.395,685.395,medium,medium_big
142,102,279,174,177,30798,2022-10-28 10:49:06.089,2022-10-28 10:49:06.475,0.386,0 days 00:11:26.089000,0 days 00:11:26.475000,685.282,687.282,medium,medium_big
143,47,293,339,246,83394,2022-10-28 10:49:22.235,2022-10-28 10:49:25.102,2.867,0 days 00:11:42.235000,0 days 00:11:45.102000,702.6685,704.6685,large,large
144,113,275,159,162,25758,2022-10-28 10:49:28.409,2022-10-28 10:49:28.889,0.48000000000000004,0 days 00:11:48.409000,0 days 00:11:48.889000,707.649,709.649,medium,medium
145,80,255,177,175,30975,2022-10-28 10:49:30.769,2022-10-28 10:49:31.302,0.533,0 days 00:11:50.769000,0 days 00:11:51.302000,710.0355,712.0355,medium,medium_big
146,120,273,144,153,22032,2022-10-28 10:49:39.143,2022-10-28 10:49:39.476,0.333,0 days 00:11:59.143000,0 days 00:11:59.476000,718.3095000000001,720.3095000000001,medium,medium_small
147,113,293,148,180,26640,2022-10-28 10:49:46.956,2022-10-28 10:49:47.303,0.34700000000000003,0 days 00:12:06.956000,0 days 00:12:07.303000,726.1295,728.1295,medium,medium_big
148,184,245,166,61,10126,2022-10-28 10:50:04.371,2022-10-28 10:50:04.504,0.133,0 days 00:12:24.371000,0 days 00:12:24.504000,743.4375,745.4375,small,small
149,399,554,151,155,23405,2022-10-28 10:50:32.638,2022-10-28 10:50:32.984,0.34600000000000003,0 days 00:12:52.638000,0 days 00:12:52.984000,771.811,773.811,medium,medium_small
150,74,240,168,166,27888,2022-10-28 10:50:35.718,2022-10-28 10:50:36.144,0.42600000000000005,0 days 00:12:55.718000,0 days 00:12:56.144000,774.931,776.931,medium,medium
151,386,555,161,169,27209,2022-10-28 10:50:38.784,2022-10-28 10:50:39.172,0.388,0 days 00:12:58.784000,0 days 00:12:59.172000,777.9780000000001,779.9780000000001,medium,medium
152,389,551,157,162,25434,2022-10-28 10:50:40.478,2022-10-28 10:50:40.878,0.4,0 days 00:13:00.478000,0 days 00:13:00.878000,779.6780000000001,781.6780000000001,medium,medium
153,361,525,145,164,23780,2022-10-28 10:51:10.386,2022-10-28 10:51:10.733,0.34700000000000003,0 days 00:13:30.386000,0 days 00:13:30.733000,809.5595000000001,811.5595000000001,medium,medium
154,331,504,190,173,32870,2022-10-28 10:51:49.120,2022-10-28 10:51:49.640,0.52,0 days 00:14:09.120000,0 days 00:14:09.640000,848.3800000000001,850.3800000000001,medium,medium_big
155,115,269,152,154,23408,2022-10-28 10:52:07.708,2022-10-28 10:52:08.015,0.307,0 days 00:14:27.708000,0 days 00:14:28.015000,866.8615000000001,868.8615000000001,medium,medium_small
156,117,273,150,156,23400,2022-10-28 10:52:10.001,2022-10-28 10:52:10.308,0.307,0 days 00:14:30.001000,0 days 00:14:30.308000,869.1545000000001,871.1545000000001,medium,medium_small
157,355,518,156,163,25428,2022-10-28 10:52:26.736,2022-10-28 10:52:27.042,0.306,0 days 00:14:46.736000,0 days 00:14:47.042000,885.8890000000001,887.8890000000001,medium,medium
158,119,284,151,165,24915,2022-10-28 10:53:07.737,2022-10-28 10:53:08.203,0.466,0 days 00:15:27.737000,0 days 00:15:28.203000,926.97,928.97,medium,medium
159,104,272,143,168,24024,2022-10-28 10:53:14.070,2022-10-28 10:53:14.510,0.44,0 days 00:15:34.070000,0 days 00:15:34.510000,933.2900000000001,935.2900000000001,medium,medium
160,392,540,151,148,22348,2022-10-28 10:53:22.898,2022-10-28 10:53:23.218,0.32,0 days 00:15:42.898000,0 days 00:15:43.218000,942.058,944.058,medium,medium_small
161,105,268,145,163,23635,2022-10-28 10:53:32.004,2022-10-28 10:53:32.311,0.307,0 days 00:15:52.004000,0 days 00:15:52.311000,951.1575,953.1575,medium,medium
162,193,366,161,173,27853,2022-10-28 10:53:44.298,2022-10-28 10:53:44.698,0.4,0 days 00:16:04.298000,0 days 00:16:04.698000,963.498,965.498,medium,medium_big
163,40,282,333,242,80586,2022-10-28 10:53:54.859,2022-10-28 10:53:55.885,1.026,0 days 00:16:14.859000,0 days 00:16:15.885000,974.3720000000001,976.3720000000001,large,large
164,311,531,298,220,65560,2022-10-28 10:54:01.939,2022-10-28 10:54:03.005,1.066,0 days 00:16:21.939000,0 days 00:16:23.005000,981.4720000000001,983.4720000000001,large,large
165,397,565,155,168,26040,2022-10-28 10:54:26.672,2022-10-28 10:54:27.046,0.374,0 days 00:16:46.672000,0 days 00:16:47.046000,1005.859,1007.859,medium,medium
166,131,269,147,138,20286,2022-10-28 10:54:27.220,2022-10-28 10:54:27.526,0.306,0 days 00:16:47.220000,0 days 00:16:47.526000,1006.373,1008.373,medium,medium_small
167,118,283,155,165,25575,2022-10-28 10:54:44.340,2022-10-28 10:54:44.620,0.28,0 days 00:17:04.340000,0 days 00:17:04.620000,1023.48,1025.48,medium,medium
168,390,556,146,166,24236,2022-10-28 10:55:01.087,2022-10-28 10:55:01.487,0.4,0 days 00:17:21.087000,0 days 00:17:21.487000,1040.287,1042.287,medium,medium
169,103,273,156,170,26520,2022-10-28 10:55:07.687,2022-10-28 10:55:07.994,0.307,0 days 00:17:27.687000,0 days 00:17:27.994000,1046.8405000000002,1048.8405000000002,medium,medium
170,374,548,170,174,29580,2022-10-28 10:55:18.234,2022-10-28 10:55:18.768,0.534,0 days 00:17:38.234000,0 days 00:17:38.768000,1057.5010000000002,1059.5010000000002,medium,medium_big
171,370,537,160,167,26720,2022-10-28 10:55:25.594,2022-10-28 10:55:25.914,0.32,0 days 00:17:45.594000,0 days 00:17:45.914000,1064.754,1066.754,medium,medium
172,129,359,334,230,76820,2022-10-28 10:55:42.742,2022-10-28 10:55:43.915,1.173,0 days 00:18:02.742000,0 days 00:18:03.915000,1082.3285,1084.3285,large,large
173,109,269,160,160,25600,2022-10-28 10:55:57.009,2022-10-28 10:55:57.515,0.506,0 days 00:18:17.009000,0 days 00:18:17.515000,1096.2620000000002,1098.2620000000002,medium,medium_small
174,112,272,146,160,23360,2022-10-28 10:56:08.516,2022-10-28 10:56:08.929,0.41300000000000003,0 days 00:18:28.516000,0 days 00:18:28.929000,1107.7225,1109.7225,medium,medium_small
175,366,531,183,165,30195,2022-10-28 10:56:23.784,2022-10-28 10:56:24.184,0.4,0 days 00:18:43.784000,0 days 00:18:44.184000,1122.984,1124.984,medium,medium
176,134,298,156,164,25584,2022-10-28 10:56:34.904,2022-10-28 10:56:35.210,0.306,0 days 00:18:54.904000,0 days 00:18:55.210000,1134.057,1136.057,medium,medium
177,154,312,171,158,27018,2022-10-28 10:56:38.064,2022-10-28 10:56:38.384,0.32,0 days 00:18:58.064000,0 days 00:18:58.384000,1137.2240000000002,1139.2240000000002,medium,medium_small
178,76,243,162,167,27054,2022-10-28 10:57:04.131,2022-10-28 10:57:04.531,0.4,0 days 00:19:24.131000,0 days 00:19:24.531000,1163.3310000000001,1165.3310000000001,medium,medium
179,366,549,275,183,50325,2022-10-28 10:57:04.345,2022-10-28 10:57:05.118,0.773,0 days 00:19:24.345000,0 days 00:19:25.118000,1163.7315,1165.7315,medium,medium_big
180,102,268,148,166,24568,2022-10-28 10:57:21.452,2022-10-28 10:57:21.852,0.4,0 days 00:19:41.452000,0 days 00:19:41.852000,1180.652,1182.652,medium,medium
181,110,263,147,153,22491,2022-10-28 10:57:23.466,2022-10-28 10:57:23.826,0.36000000000000004,0 days 00:19:43.466000,0 days 00:19:43.826000,1182.6460000000002,1184.6460000000002,medium,medium_small
182,118,272,155,154,23870,2022-10-28 10:57:36.866,2022-10-28 10:57:37.186,0.32,0 days 00:19:56.866000,0 days 00:19:57.186000,1196.026,1198.026,medium,medium_small
183,381,559,279,178,49662,2022-10-28 10:57:59.387,2022-10-28 10:58:00.093,0.7060000000000001,0 days 00:20:19.387000,0 days 00:20:20.093000,1218.7400000000002,1220.7400000000002,medium,medium_big
184,378,540,183,162,29646,2022-10-28 10:58:08.480,2022-10-28 10:58:08.920,0.44,0 days 00:20:28.480000,0 days 00:20:28.920000,1227.7,1229.7,medium,medium
185,392,547,158,155,24490,2022-10-28 10:58:22.868,2022-10-28 10:58:23.228,0.36000000000000004,0 days 00:20:42.868000,0 days 00:20:43.228000,1242.0480000000002,1244.0480000000002,medium,medium_small
186,66,311,341,245,83545,2022-10-28 10:58:39.214,2022-10-28 10:58:41.881,2.6670000000000003,0 days 00:20:59.214000,0 days 00:21:01.881000,1259.5475000000001,1261.5475000000001,large,large
187,116,304,275,188,51700,2022-10-28 10:58:51.922,2022-10-28 10:58:52.695,0.773,0 days 00:21:11.922000,0 days 00:21:12.695000,1271.3085,1273.3085,medium,medium_big
188,101,259,143,158,22594,2022-10-28 10:58:54.895,2022-10-28 10:58:55.309,0.41400000000000003,0 days 00:21:14.895000,0 days 00:21:15.309000,1274.1019999999999,1276.1019999999999,medium,medium_small
189,75,150,175,75,13125,2022-10-28 10:58:59.069,2022-10-28 10:58:59.215,0.14600000000000002,0 days 00:21:19.069000,0 days 00:21:19.215000,1278.1420000000003,1280.1420000000003,small,small
190,374,539,163,165,26895,2022-10-28 10:59:01.002,2022-10-28 10:59:01.442,0.44,0 days 00:21:21.002000,0 days 00:21:21.442000,1280.2220000000002,1282.2220000000002,medium,medium
191,351,508,158,157,24806,2022-10-28 10:59:04.775,2022-10-28 10:59:05.162,0.387,0 days 00:21:24.775000,0 days 00:21:25.162000,1283.9685,1285.9685,medium,medium_small
192,90,253,148,163,24124,2022-10-28 10:59:15.456,2022-10-28 10:59:15.830,0.374,0 days 00:21:35.456000,0 days 00:21:35.830000,1294.643,1296.643,medium,medium
193,361,607,342,246,84132,2022-10-28 10:59:14.189,2022-10-28 10:59:16.496,2.307,0 days 00:21:34.189000,0 days 00:21:36.496000,1294.3425000000002,1296.3425000000002,large,large
194,385,550,162,165,26730,2022-10-28 10:59:17.656,2022-10-28 10:59:18.150,0.49400000000000005,0 days 00:21:37.656000,0 days 00:21:38.150000,1296.9030000000002,1298.9030000000002,medium,medium
195,360,544,168,184,30912,2022-10-28 11:00:19.218,2022-10-28 11:00:19.552,0.334,0 days 00:22:39.218000,0 days 00:22:39.552000,1358.3850000000002,1360.3850000000002,medium,medium_big
196,387,543,153,156,23868,2022-10-28 11:00:32.192,2022-10-28 11:00:32.618,0.42600000000000005,0 days 00:22:52.192000,0 days 00:22:52.618000,1371.4050000000002,1373.4050000000002,medium,medium_small
197,117,295,279,178,49662,2022-10-28 11:00:36.045,2022-10-28 11:00:37.005,0.9600000000000001,0 days 00:22:56.045000,0 days 00:22:57.005000,1375.525,1377.525,medium,medium_big
198,336,509,169,173,29237,2022-10-28 11:00:45.005,2022-10-28 11:00:45.393,0.388,0 days 00:23:05.005000,0 days 00:23:05.393000,1384.199,1386.199,medium,medium_big
199,165,239,166,74,12284,2022-10-28 11:00:51.033,2022-10-28 11:00:51.139,0.10600000000000001,0 days 00:23:11.033000,0 days 00:23:11.139000,1390.0860000000002,1392.0860000000002,small,small
200,142,307,165,165,27225,2022-10-28 11:00:55.913,2022-10-28 11:00:56.353,0.44,0 days 00:23:15.913000,0 days 00:23:16.353000,1395.133,1397.133,medium,medium
201,155,332,159,177,28143,2022-10-28 11:01:00.446,2022-10-28 11:01:00.846,0.4,0 days 00:23:20.446000,0 days 00:23:20.846000,1399.6460000000002,1401.6460000000002,medium,medium_big
202,86,260,167,174,29058,2022-10-28 11:01:06.114,2022-10-28 11:01:06.499,0.385,0 days 00:23:26.114000,0 days 00:23:26.499000,1405.3065000000001,1407.3065000000001,medium,medium_big
203,118,285,184,167,30728,2022-10-28 11:01:14.380,2022-10-28 11:01:14.794,0.41400000000000003,0 days 00:23:34.380000,0 days 00:23:34.794000,1413.587,1415.587,medium,medium
204,114,282,152,168,25536,2022-10-28 11:01:27.767,2022-10-28 11:01:28.127,0.36000000000000004,0 days 00:23:47.767000,0 days 00:23:48.127000,1426.9470000000001,1428.9470000000001,medium,medium
205,138,288,148,150,22200,2022-10-28 11:02:02.741,2022-10-28 11:02:03.021,0.28,0 days 00:24:22.741000,0 days 00:24:23.021000,1461.881,1463.881,medium,medium_small
206,351,536,166,185,30710,2022-10-28 11:02:09.942,2022-10-28 11:02:10.328,0.386,0 days 00:24:29.942000,0 days 00:24:30.328000,1469.1350000000002,1471.1350000000002,medium,medium_big
207,389,560,162,171,27702,2022-10-28 11:02:42.569,2022-10-28 11:02:42.917,0.34800000000000003,0 days 00:25:02.569000,0 days 00:25:02.917000,1501.7430000000002,1503.7430000000002,medium,medium_big
208,363,528,190,165,31350,2022-10-28 11:02:46.597,2022-10-28 11:02:46.997,0.4,0 days 00:25:06.597000,0 days 00:25:06.997000,1505.797,1507.797,medium,medium
209,99,263,178,164,29192,2022-10-28 11:02:54.890,2022-10-28 11:02:55.290,0.4,0 days 00:25:14.890000,0 days 00:25:15.290000,1514.0900000000001,1516.0900000000001,medium,medium
210,382,549,172,167,28724,2022-10-28 11:03:03.570,2022-10-28 11:03:03.984,0.41400000000000003,0 days 00:25:23.570000,0 days 00:25:23.984000,1522.777,1524.777,medium,medium
211,89,261,165,172,28380,2022-10-28 11:03:14.064,2022-10-28 11:03:14.464,0.4,0 days 00:25:34.064000,0 days 00:25:34.464000,1533.2640000000001,1535.2640000000001,medium,medium_big
212,393,560,176,167,29392,2022-10-28 11:03:14.318,2022-10-28 11:03:14.678,0.36000000000000004,0 days 00:25:34.318000,0 days 00:25:34.678000,1533.498,1535.498,medium,medium
213,379,552,171,173,29583,2022-10-28 11:03:24.038,2022-10-28 11:03:24.504,0.466,0 days 00:25:44.038000,0 days 00:25:44.504000,1543.2710000000002,1545.2710000000002,medium,medium_big
214,114,278,144,164,23616,2022-10-28 11:03:38.625,2022-10-28 11:03:39.052,0.42700000000000005,0 days 00:25:58.625000,0 days 00:25:59.052000,1557.8385,1559.8385,medium,medium
215,99,272,145,173,25085,2022-10-28 11:03:40.265,2022-10-28 11:03:40.679,0.41400000000000003,0 days 00:26:00.265000,0 days 00:26:00.679000,1559.4720000000002,1561.4720000000002,medium,medium_big
216,94,273,146,179,26134,2022-10-28 11:03:43.505,2022-10-28 11:03:43.959,0.454,0 days 00:26:03.505000,0 days 00:26:03.959000,1562.732,1564.732,medium,medium_big
217,66,286,297,220,65340,2022-10-28 11:04:29.561,2022-10-28 11:04:30.547,0.9860000000000001,0 days 00:26:49.561000,0 days 00:26:50.547000,1609.054,1611.054,large,large
218,99,274,169,175,29575,2022-10-28 11:04:32.733,2022-10-28 11:04:33.253,0.52,0 days 00:26:52.733000,0 days 00:26:53.253000,1611.9930000000002,1613.9930000000002,medium,medium_big
219,362,516,162,154,24948,2022-10-28 11:04:38.507,2022-10-28 11:04:38.813,0.306,0 days 00:26:58.507000,0 days 00:26:58.813000,1617.66,1619.66,medium,medium_small
220,40,255,317,215,68155,2022-10-28 11:05:04.122,2022-10-28 11:05:04.774,0.652,0 days 00:27:24.122000,0 days 00:27:24.774000,1643.448,1645.448,large,large
221,380,550,165,170,28050,2022-10-28 11:05:07.374,2022-10-28 11:05:07.828,0.454,0 days 00:27:27.374000,0 days 00:27:27.828000,1646.601,1648.601,medium,medium
222,133,308,199,175,34825,2022-10-28 11:05:11.295,2022-10-28 11:05:11.815,0.52,0 days 00:27:31.295000,0 days 00:27:31.815000,1650.555,1652.555,medium,medium_big
223,77,313,378,236,89208,2022-10-28 11:05:17.255,2022-10-28 11:05:18.442,1.187,0 days 00:27:37.255000,0 days 00:27:38.442000,1656.8485,1658.8485,large,large
224,133,308,191,175,33425,2022-10-28 11:05:25.708,2022-10-28 11:05:26.149,0.441,0 days 00:27:45.708000,0 days 00:27:46.149000,1664.9285,1666.9285,medium,medium_big
225,113,290,198,177,35046,2022-10-28 11:05:33.775,2022-10-28 11:05:34.255,0.48000000000000004,0 days 00:27:53.775000,0 days 00:27:54.255000,1673.015,1675.015,medium,medium_big
226,115,282,150,167,25050,2022-10-28 11:05:58.310,2022-10-28 11:05:58.684,0.374,0 days 00:28:18.310000,0 days 00:28:18.684000,1697.4970000000003,1699.4970000000003,medium,medium
227,299,539,341,240,81840,2022-10-28 11:06:38.565,2022-10-28 11:06:40.685,2.12,0 days 00:28:58.565000,0 days 00:29:00.685000,1738.625,1740.625,large,large
228,331,510,191,179,34189,2022-10-28 11:06:44.725,2022-10-28 11:06:45.245,0.52,0 days 00:29:04.725000,0 days 00:29:05.245000,1743.9850000000001,1745.9850000000001,medium,medium_big
229,63,226,156,163,25428,2022-10-28 11:07:25.233,2022-10-28 11:07:25.567,0.334,0 days 00:29:45.233000,0 days 00:29:45.567000,1784.4,1786.4,medium,medium
230,355,525,164,170,27880,2022-10-28 11:07:31.207,2022-10-28 11:07:31.567,0.36000000000000004,0 days 00:29:51.207000,0 days 00:29:51.567000,1790.3870000000002,1792.3870000000002,medium,medium
231,360,528,160,168,26880,2022-10-28 11:07:32.339,2022-10-28 11:07:32.673,0.334,0 days 00:29:52.339000,0 days 00:29:52.673000,1791.506,1793.506,medium,medium
232,376,551,175,175,30625,2022-10-28 11:08:05.661,2022-10-28 11:08:06.021,0.36000000000000004,0 days 00:30:25.661000,0 days 00:30:26.021000,1824.8410000000001,1826.8410000000001,medium,medium_big
233,108,273,161,165,26565,2022-10-28 11:08:06.141,2022-10-28 11:08:06.541,0.4,0 days 00:30:26.141000,0 days 00:30:26.541000,1825.3410000000001,1827.3410000000001,medium,medium
234,106,268,159,162,25758,2022-10-28 11:08:50.370,2022-10-28 11:08:50.730,0.36000000000000004,0 days 00:31:10.370000,0 days 00:31:10.730000,1869.5500000000002,1871.5500000000002,medium,medium
235,375,545,147,170,24990,2022-10-28 11:08:55.610,2022-10-28 11:08:55.996,0.386,0 days 00:31:15.610000,0 days 00:31:15.996000,1874.803,1876.803,medium,medium
236,47,289,341,242,82522,2022-10-28 11:09:08.783,2022-10-28 11:09:11.023,2.24,0 days 00:31:28.783000,0 days 00:31:31.023000,1888.9030000000002,1890.9030000000002,large,large
237,121,269,160,148,23680,2022-10-28 11:09:19.090,2022-10-28 11:09:19.396,0.306,0 days 00:31:39.090000,0 days 00:31:39.396000,1898.2430000000002,1900.2430000000002,medium,medium_small
238,381,548,153,167,25551,2022-10-28 11:09:27.997,2022-10-28 11:09:28.331,0.334,0 days 00:31:47.997000,0 days 00:31:48.331000,1907.1640000000002,1909.1640000000002,medium,medium
239,102,287,144,185,26640,2022-10-28 11:09:42.517,2022-10-28 11:09:42.877,0.36000000000000004,0 days 00:32:02.517000,0 days 00:32:02.877000,1921.6970000000001,1923.6970000000001,medium,medium_big
240,66,231,148,165,24420,2022-10-28 11:11:09.814,2022-10-28 11:11:10.240,0.42600000000000005,0 days 00:33:29.814000,0 days 00:33:30.240000,2009.027,2011.027,medium,medium
241,356,540,165,184,30360,2022-10-28 11:11:10.427,2022-10-28 11:11:10.827,0.4,0 days 00:33:30.427000,0 days 00:33:30.827000,2009.6270000000002,2011.6270000000002,medium,medium_big
242,390,566,165,176,29040,2022-10-28 11:11:13.920,2022-10-28 11:11:14.320,0.4,0 days 00:33:33.920000,0 days 00:33:34.320000,2013.1200000000001,2015.1200000000001,medium,medium_big
243,52,103,176,51,8976,2022-10-28 11:11:20.601,2022-10-28 11:11:20.801,0.2,0 days 00:33:40.601000,0 days 00:33:40.801000,2019.701,2021.701,small,small
244,104,269,155,165,25575,2022-10-28 11:11:36.895,2022-10-28 11:11:37.295,0.4,0 days 00:33:56.895000,0 days 00:33:57.295000,2036.0950000000003,2038.0950000000003,medium,medium
245,375,540,181,165,29865,2022-10-28 11:11:45.096,2022-10-28 11:11:45.428,0.332,0 days 00:34:05.096000,0 days 00:34:05.428000,2044.2620000000002,2046.2620000000002,medium,medium
246,98,264,154,166,25564,2022-10-28 11:11:54.216,2022-10-28 11:11:54.536,0.32,0 days 00:34:14.216000,0 days 00:34:14.536000,2053.376,2055.376,medium,medium
247,382,545,147,163,23961,2022-10-28 11:11:55.642,2022-10-28 11:11:56.082,0.44,0 days 00:34:15.642000,0 days 00:34:16.082000,2054.862,2056.862,medium,medium
248,384,556,166,172,28552,2022-10-28 11:12:10.042,2022-10-28 11:12:10.576,0.534,0 days 00:34:30.042000,0 days 00:34:30.576000,2069.309,2071.309,medium,medium_big
249,130,293,148,163,24124,2022-10-28 11:12:34.497,2022-10-28 11:12:34.817,0.32,0 days 00:34:54.497000,0 days 00:34:54.817000,2093.657,2095.657,medium,medium
250,127,308,169,181,30589,2022-10-28 11:13:45.526,2022-10-28 11:13:45.912,0.386,0 days 00:36:05.526000,0 days 00:36:05.912000,2164.719,2166.719,medium,medium_big
251,320,565,341,245,83545,2022-10-28 11:14:01.166,2022-10-28 11:14:04.340,3.1740000000000004,0 days 00:36:21.166000,0 days 00:36:24.340000,2181.753,2183.753,large,large
252,365,558,259,193,49987,2022-10-28 11:14:05.780,2022-10-28 11:14:06.687,0.907,0 days 00:36:25.780000,0 days 00:36:26.687000,2185.2335000000003,2187.2335000000003,medium,medium_big
253,379,540,170,161,27370,2022-10-28 11:14:07.900,2022-10-28 11:14:08.553,0.653,0 days 00:36:27.900000,0 days 00:36:28.553000,2187.2265,2189.2265,medium,medium
254,395,557,146,162,23652,2022-10-28 11:14:10.793,2022-10-28 11:14:11.447,0.654,0 days 00:36:30.793000,0 days 00:36:31.447000,2190.12,2192.12,medium,medium
255,150,312,153,162,24786,2022-10-28 11:14:27.434,2022-10-28 11:14:27.767,0.333,0 days 00:36:47.434000,0 days 00:36:47.767000,2206.6005000000005,2208.6005000000005,medium,medium
256,376,554,198,178,35244,2022-10-28 11:14:43.582,2022-10-28 11:14:44.022,0.44,0 days 00:37:03.582000,0 days 00:37:04.022000,2222.802,2224.802,medium,medium_big
257,347,512,152,165,25080,2022-10-28 11:14:58.115,2022-10-28 11:14:58.488,0.373,0 days 00:37:18.115000,0 days 00:37:18.488000,2237.3015000000005,2239.3015000000005,medium,medium
258,365,522,157,157,24649,2022-10-28 11:15:04.395,2022-10-28 11:15:04.808,0.41300000000000003,0 days 00:37:24.395000,0 days 00:37:24.808000,2243.6014999999998,2245.6014999999998,medium,medium_small
259,377,540,183,163,29829,2022-10-28 11:15:21.623,2022-10-28 11:15:21.983,0.36000000000000004,0 days 00:37:41.623000,0 days 00:37:41.983000,2260.803,2262.803,medium,medium
260,398,563,161,165,26565,2022-10-28 11:16:42.546,2022-10-28 11:16:42.958,0.41200000000000003,0 days 00:39:02.546000,0 days 00:39:02.958000,2341.7520000000004,2343.7520000000004,medium,medium
261,114,283,147,169,24843,2022-10-28 11:16:44.386,2022-10-28 11:16:44.732,0.34600000000000003,0 days 00:39:04.386000,0 days 00:39:04.732000,2343.559,2345.559,medium,medium
262,91,251,147,160,23520,2022-10-28 11:16:55.972,2022-10-28 11:16:56.319,0.34700000000000003,0 days 00:39:15.972000,0 days 00:39:16.319000,2355.1455,2357.1455,medium,medium_small
263,128,308,189,180,34020,2022-10-28 11:17:18.267,2022-10-28 11:17:19.067,0.8,0 days 00:39:38.267000,0 days 00:39:39.067000,2377.6670000000004,2379.6670000000004,medium,medium_big
264,133,302,174,169,29406,2022-10-28 11:17:31.080,2022-10-28 11:17:31.388,0.308,0 days 00:39:51.080000,0 days 00:39:51.388000,2390.2340000000004,2392.2340000000004,medium,medium
265,134,283,141,149,21009,2022-10-28 11:18:12.429,2022-10-28 11:18:12.722,0.29300000000000004,0 days 00:40:32.429000,0 days 00:40:32.722000,2431.5755,2433.5755,medium,medium_small
266,71,308,333,237,78921,2022-10-28 11:18:44.736,2022-10-28 11:18:45.950,1.214,0 days 00:41:04.736000,0 days 00:41:05.950000,2464.3430000000003,2466.3430000000003,large,large
267,68,311,339,243,82377,2022-10-28 11:18:48.763,2022-10-28 11:18:51.496,2.733,0 days 00:41:08.763000,0 days 00:41:11.496000,2469.1295,2471.1295,large,large
268,111,278,174,167,29058,2022-10-28 11:19:48.072,2022-10-28 11:19:48.472,0.4,0 days 00:42:08.072000,0 days 00:42:08.472000,2527.272,2529.272,medium,medium
269,100,276,196,176,34496,2022-10-28 11:19:51.698,2022-10-28 11:19:52.125,0.42700000000000005,0 days 00:42:11.698000,0 days 00:42:12.125000,2530.9115,2532.9115,medium,medium_big
270,84,259,166,175,29050,2022-10-28 11:19:56.205,2022-10-28 11:19:56.645,0.44,0 days 00:42:16.205000,0 days 00:42:16.645000,2535.425,2537.425,medium,medium_big
271,103,268,168,165,27720,2022-10-28 11:20:11.379,2022-10-28 11:20:11.766,0.387,0 days 00:42:31.379000,0 days 00:42:31.766000,2550.5725,2552.5725,medium,medium
272,370,584,317,214,67838,2022-10-28 11:20:32.394,2022-10-28 11:20:32.966,0.5720000000000001,0 days 00:42:52.394000,0 days 00:42:52.966000,2571.6800000000003,2573.6800000000003,large,large
273,107,279,163,172,28036,2022-10-28 11:20:47.047,2022-10-28 11:20:47.460,0.41300000000000003,0 days 00:43:07.047000,0 days 00:43:07.460000,2586.2535,2588.2535,medium,medium_big
274,118,294,200,176,35200,2022-10-28 11:21:50.877,2022-10-28 11:21:51.369,0.49200000000000005,0 days 00:44:10.877000,0 days 00:44:11.369000,2650.123,2652.123,medium,medium_big
275,380,561,160,181,28960,2022-10-28 11:22:01.089,2022-10-28 11:22:01.477,0.388,0 days 00:44:21.089000,0 days 00:44:21.477000,2660.2830000000004,2662.2830000000004,medium,medium_big
276,95,267,146,172,25112,2022-10-28 11:22:09.117,2022-10-28 11:22:09.557,0.44,0 days 00:44:29.117000,0 days 00:44:29.557000,2668.3370000000004,2670.3370000000004,medium,medium_big
277,382,555,197,173,34081,2022-10-28 11:23:19.040,2022-10-28 11:23:19.465,0.42500000000000004,0 days 00:45:39.040000,0 days 00:45:39.465000,2738.2525,2740.2525,medium,medium_big
278,65,224,159,159,25281,2022-10-28 11:23:22.760,2022-10-28 11:23:23.132,0.372,0 days 00:45:42.760000,0 days 00:45:43.132000,2741.946,2743.946,medium,medium_small
279,365,525,160,160,25600,2022-10-28 11:23:25.880,2022-10-28 11:23:26.240,0.36000000000000004,0 days 00:45:45.880000,0 days 00:45:46.240000,2745.0600000000004,2747.0600000000004,medium,medium_small
280,360,531,164,171,28044,2022-10-28 11:24:13.374,2022-10-28 11:24:13.707,0.333,0 days 00:46:33.374000,0 days 00:46:33.707000,2792.5405,2794.5405,medium,medium_big
281,375,530,153,155,23715,2022-10-28 11:24:19.294,2022-10-28 11:24:19.574,0.28,0 days 00:46:39.294000,0 days 00:46:39.574000,2798.434,2800.434,medium,medium_small
282,370,560,253,190,48070,2022-10-28 11:24:22.814,2022-10-28 11:24:23.307,0.49300000000000005,0 days 00:46:42.814000,0 days 00:46:43.307000,2802.0605000000005,2804.0605000000005,medium,medium_big
283,112,298,259,186,48174,2022-10-28 11:24:31.095,2022-10-28 11:24:31.562,0.467,0 days 00:46:51.095000,0 days 00:46:51.562000,2810.3285000000005,2812.3285000000005,medium,medium_big
284,126,289,183,163,29829,2022-10-28 11:24:34.468,2022-10-28 11:24:34.895,0.42700000000000005,0 days 00:46:54.468000,0 days 00:46:54.895000,2813.6815,2815.6815,medium,medium
285,378,538,188,160,30080,2022-10-28 11:25:07.656,2022-10-28 11:25:08.096,0.44,0 days 00:47:27.656000,0 days 00:47:28.096000,2846.876,2848.876,medium,medium_small
286,96,267,198,171,33858,2022-10-28 11:25:27.964,2022-10-28 11:25:28.577,0.613,0 days 00:47:47.964000,0 days 00:47:48.577000,2867.2705000000005,2869.2705000000005,medium,medium_big
287,130,284,161,154,24794,2022-10-28 11:25:36.977,2022-10-28 11:25:37.364,0.387,0 days 00:47:56.977000,0 days 00:47:57.364000,2876.1705,2878.1705,medium,medium_small
288,60,300,333,240,79920,2022-10-28 11:25:50.497,2022-10-28 11:25:51.831,1.334,0 days 00:48:10.497000,0 days 00:48:11.831000,2890.164,2892.164,large,large
289,59,312,396,253,100188,2022-10-28 11:26:08.125,2022-10-28 11:26:08.791,0.666,0 days 00:48:28.125000,0 days 00:48:28.791000,2907.458,2909.458,large,large
290,92,269,179,177,31683,2022-10-28 11:26:42.366,2022-10-28 11:26:42.766,0.4,0 days 00:49:02.366000,0 days 00:49:02.766000,2941.566,2943.566,medium,medium_big
291,345,606,340,261,88740,2022-10-28 11:26:49.513,2022-10-28 11:26:52.019,2.5060000000000002,0 days 00:49:09.513000,0 days 00:49:12.019000,2949.7660000000005,2951.7660000000005,large,large
292,365,539,166,174,28884,2022-10-28 11:26:54.593,2022-10-28 11:26:55.073,0.48000000000000004,0 days 00:49:14.593000,0 days 00:49:15.073000,2953.8330000000005,2955.8330000000005,medium,medium_big
293,95,311,321,216,69336,2022-10-28 11:27:23.234,2022-10-28 11:27:24.034,0.8,0 days 00:49:43.234000,0 days 00:49:44.034000,2982.634,2984.634,large,large
294,367,529,150,162,24300,2022-10-28 11:27:33.354,2022-10-28 11:27:33.648,0.29400000000000004,0 days 00:49:53.354000,0 days 00:49:53.648000,2992.501,2994.501,medium,medium
295,298,469,162,171,27702,2022-10-28 11:27:35.421,2022-10-28 11:27:35.821,0.4,0 days 00:49:55.421000,0 days 00:49:55.821000,2994.621,2996.621,medium,medium_big
296,377,539,155,162,25110,2022-10-28 11:27:49.835,2022-10-28 11:27:50.289,0.454,0 days 00:50:09.835000,0 days 00:50:10.289000,3009.062,3011.062,medium,medium
297,107,268,150,161,24150,2022-10-28 11:28:58.131,2022-10-28 11:28:58.491,0.36000000000000004,0 days 00:51:18.131000,0 days 00:51:18.491000,3077.311,3079.311,medium,medium
298,126,294,191,168,32088,2022-10-28 11:29:01.397,2022-10-28 11:29:01.757,0.36000000000000004,0 days 00:51:21.397000,0 days 00:51:21.757000,3080.577,3082.577,medium,medium
299,346,516,166,170,28220,2022-10-28 11:29:08.424,2022-10-28 11:29:08.824,0.4,0 days 00:51:28.424000,0 days 00:51:28.824000,3087.624,3089.624,medium,medium
300,337,524,261,187,48807,2022-10-28 11:29:09.984,2022-10-28 11:29:11.012,1.028,0 days 00:51:29.984000,0 days 00:51:31.012000,3089.4980000000005,3091.4980000000005,medium,medium_big
301,371,533,144,162,23328,2022-10-28 11:29:13.504,2022-10-28 11:29:13.904,0.4,0 days 00:51:33.504000,0 days 00:51:33.904000,3092.704,3094.704,medium,medium
302,55,296,339,241,81699,2022-10-28 11:29:22.652,2022-10-28 11:29:25.492,2.8400000000000003,0 days 00:51:42.652000,0 days 00:51:45.492000,3103.072,3105.072,large,large
303,391,566,154,175,26950,2022-10-28 11:29:28.678,2022-10-28 11:29:29.105,0.42700000000000005,0 days 00:51:48.678000,0 days 00:51:49.105000,3107.8915,3109.8915,medium,medium_big
304,97,260,181,163,29503,2022-10-28 11:30:03.639,2022-10-28 11:30:04.013,0.374,0 days 00:52:23.639000,0 days 00:52:24.013000,3142.826,3144.826,medium,medium
305,395,552,146,157,22922,2022-10-28 11:30:03.799,2022-10-28 11:30:04.146,0.34700000000000003,0 days 00:52:23.799000,0 days 00:52:24.146000,3142.9725,3144.9725,medium,medium_small
306,91,256,148,165,24420,2022-10-28 11:30:38.134,2022-10-28 11:30:38.440,0.306,0 days 00:52:58.134000,0 days 00:52:58.440000,3177.2870000000003,3179.2870000000003,medium,medium
307,362,528,148,166,24568,2022-10-28 11:30:42.401,2022-10-28 11:30:42.761,0.36000000000000004,0 days 00:53:02.401000,0 days 00:53:02.761000,3181.581,3183.581,medium,medium
308,335,510,201,175,35175,2022-10-28 11:30:47.948,2022-10-28 11:30:48.521,0.5730000000000001,0 days 00:53:07.948000,0 days 00:53:08.521000,3187.2345000000005,3189.2345000000005,medium,medium_big
309,331,491,160,160,25600,2022-10-28 11:31:07.628,2022-10-28 11:31:07.936,0.308,0 days 00:53:27.628000,0 days 00:53:27.936000,3206.782,3208.782,medium,medium_small
310,404,571,169,167,28223,2022-10-28 11:31:54.350,2022-10-28 11:31:54.710,0.36000000000000004,0 days 00:54:14.350000,0 days 00:54:14.710000,3253.53,3255.53,medium,medium
311,120,292,158,172,27176,2022-10-28 11:31:58.630,2022-10-28 11:31:59.057,0.42700000000000005,0 days 00:54:18.630000,0 days 00:54:19.057000,3257.8435,3259.8435,medium,medium_big
312,341,505,158,164,25912,2022-10-28 11:32:25.418,2022-10-28 11:32:25.751,0.333,0 days 00:54:45.418000,0 days 00:54:45.751000,3284.5845,3286.5845,medium,medium
313,355,518,165,163,26895,2022-10-28 11:32:29.711,2022-10-28 11:32:30.124,0.41300000000000003,0 days 00:54:49.711000,0 days 00:54:50.124000,3288.9175000000005,3290.9175000000005,medium,medium
314,112,283,163,171,27873,2022-10-28 11:32:35.058,2022-10-28 11:32:35.444,0.386,0 days 00:54:55.058000,0 days 00:54:55.444000,3294.251,3296.251,medium,medium_big
315,74,254,172,180,30960,2022-10-28 11:33:40.007,2022-10-28 11:33:40.381,0.374,0 days 00:56:00.007000,0 days 00:56:00.381000,3359.1940000000004,3361.1940000000004,medium,medium_big
316,361,523,149,162,24138,2022-10-28 11:33:40.887,2022-10-28 11:33:41.327,0.44,0 days 00:56:00.887000,0 days 00:56:01.327000,3360.107,3362.107,medium,medium
317,376,551,151,175,26425,2022-10-28 11:33:59.207,2022-10-28 11:33:59.582,0.375,0 days 00:56:19.207000,0 days 00:56:19.582000,3378.3945000000003,3380.3945000000003,medium,medium_big
318,102,273,159,171,27189,2022-10-28 11:34:00.702,2022-10-28 11:34:00.994,0.29200000000000004,0 days 00:56:20.702000,0 days 00:56:20.994000,3379.848,3381.848,medium,medium_big
319,31,281,324,250,81000,2022-10-28 11:34:36.849,2022-10-28 11:34:37.809,0.9600000000000001,0 days 00:56:56.849000,0 days 00:56:57.809000,3416.329,3418.329,large,large
320,362,599,338,237,80106,2022-10-28 11:34:38.688,2022-10-28 11:34:41.369,2.681,0 days 00:56:58.688000,0 days 00:57:01.369000,3419.0285000000003,3421.0285000000003,large,large
321,97,263,147,166,24402,2022-10-28 11:34:46.516,2022-10-28 11:34:46.889,0.373,0 days 00:57:06.516000,0 days 00:57:06.889000,3425.7025000000003,3427.7025000000003,medium,medium
322,350,589,377,239,90103,2022-10-28 11:34:47.689,2022-10-28 11:34:49.196,1.5070000000000001,0 days 00:57:07.689000,0 days 00:57:09.196000,3427.4425,3429.4425,large,large
323,79,250,162,171,27702,2022-10-28 11:35:01.409,2022-10-28 11:35:01.783,0.374,0 days 00:57:21.409000,0 days 00:57:21.783000,3440.5960000000005,3442.5960000000005,medium,medium_big
324,75,247,152,172,26144,2022-10-28 11:35:04.384,2022-10-28 11:35:04.864,0.48000000000000004,0 days 00:57:24.384000,0 days 00:57:24.864000,3443.624,3445.624,medium,medium_big
325,379,544,161,165,26565,2022-10-28 11:35:10.984,2022-10-28 11:35:11.410,0.42600000000000005,0 days 00:57:30.984000,0 days 00:57:31.410000,3450.197,3452.197,medium,medium
326,391,556,144,165,23760,2022-10-28 11:35:14.984,2022-10-28 11:35:15.370,0.386,0 days 00:57:34.984000,0 days 00:57:35.370000,3454.1770000000006,3456.1770000000006,medium,medium
327,44,294,369,250,92250,2022-10-28 11:36:12.759,2022-10-28 11:36:13.666,0.907,0 days 00:58:32.759000,0 days 00:58:33.666000,3512.2125,3514.2125,large,large
328,359,542,167,183,30561,2022-10-28 11:36:18.226,2022-10-28 11:36:18.626,0.4,0 days 00:58:38.226000,0 days 00:58:38.626000,3517.4260000000004,3519.4260000000004,medium,medium_big
329,92,145,165,53,8745,2022-10-28 11:36:28.906,2022-10-28 11:36:29.067,0.161,0 days 00:58:48.906000,0 days 00:58:49.067000,3527.9865,3529.9865,small,small
330,61,231,157,170,26690,2022-10-28 11:36:30.599,2022-10-28 11:36:31.119,0.52,0 days 00:58:50.599000,0 days 00:58:51.119000,3529.8590000000004,3531.8590000000004,medium,medium
331,336,524,167,188,31396,2022-10-28 11:36:42.533,2022-10-28 11:36:42.827,0.29400000000000004,0 days 00:59:02.533000,0 days 00:59:02.827000,3541.6800000000003,3543.6800000000003,medium,medium_big
332,365,530,169,165,27885,2022-10-28 11:36:58.067,2022-10-28 11:36:58.480,0.41300000000000003,0 days 00:59:18.067000,0 days 00:59:18.480000,3557.2735000000002,3559.2735000000002,medium,medium
333,372,542,185,170,31450,2022-10-28 11:37:01.374,2022-10-28 11:37:01.814,0.44,0 days 00:59:21.374000,0 days 00:59:21.814000,3560.594,3562.594,medium,medium
334,96,263,151,167,25217,2022-10-28 11:37:12.854,2022-10-28 11:37:13.200,0.34600000000000003,0 days 00:59:32.854000,0 days 00:59:33.200000,3572.027,3574.027,medium,medium
335,507,543,62,36,2232,2022-10-28 11:37:16.268,2022-10-28 11:37:16.280,0.012,0 days 00:59:36.268000,0 days 00:59:36.280000,3575.2740000000003,3577.2740000000003,small,small
336,395,541,145,146,21170,2022-10-28 11:37:16.268,2022-10-28 11:37:16.561,0.29300000000000004,0 days 00:59:36.268000,0 days 00:59:36.561000,3575.4145,3577.4145,medium,medium_small
337,69,237,170,168,28560,2022-10-28 11:37:17.508,2022-10-28 11:37:17.881,0.373,0 days 00:59:37.508000,0 days 00:59:37.881000,3576.6945000000005,3578.6945000000005,medium,medium
338,376,545,155,169,26195,2022-10-28 11:38:02.402,2022-10-28 11:38:02.790,0.388,0 days 01:00:22.402000,0 days 01:00:22.790000,3621.5960000000005,3623.5960000000005,medium,medium
339,141,293,152,152,23104,2022-10-28 11:38:22.510,2022-10-28 11:38:22.830,0.32,0 days 01:00:42.510000,0 days 01:00:42.830000,3641.67,3643.67,medium,medium_small
340,116,289,190,173,32870,2022-10-28 11:38:35.097,2022-10-28 11:38:35.511,0.41400000000000003,0 days 01:00:55.097000,0 days 01:00:55.511000,3654.304,3656.304,medium,medium_big
341,394,556,146,162,23652,2022-10-28 11:38:44.764,2022-10-28 11:38:45.231,0.467,0 days 01:01:04.764000,0 days 01:01:05.231000,3663.9975000000004,3665.9975000000004,medium,medium
342,113,284,164,171,28044,2022-10-28 11:38:46.217,2022-10-28 11:38:46.577,0.36000000000000004,0 days 01:01:06.217000,0 days 01:01:06.577000,3665.397,3667.397,medium,medium_big
343,396,568,158,172,27176,2022-10-28 11:39:04.684,2022-10-28 11:39:05.018,0.334,0 days 01:01:24.684000,0 days 01:01:25.018000,3683.851,3685.851,medium,medium_big
344,47,289,338,242,81796,2022-10-28 11:39:05.472,2022-10-28 11:39:08.258,2.786,0 days 01:01:25.472000,0 days 01:01:28.258000,3685.8650000000002,3687.8650000000002,large,large
345,79,247,169,168,28392,2022-10-28 11:39:11.365,2022-10-28 11:39:11.805,0.44,0 days 01:01:31.365000,0 days 01:01:31.805000,3690.585,3692.585,medium,medium
346,104,288,165,184,30360,2022-10-28 11:39:15.298,2022-10-28 11:39:15.765,0.467,0 days 01:01:35.298000,0 days 01:01:35.765000,3694.5315,3696.5315,medium,medium_big
347,367,542,196,175,34300,2022-10-28 11:39:17.178,2022-10-28 11:39:17.578,0.4,0 days 01:01:37.178000,0 days 01:01:37.578000,3696.3780000000006,3698.3780000000006,medium,medium_big
348,108,273,165,165,27225,2022-10-28 11:40:03.806,2022-10-28 11:40:04.166,0.36000000000000004,0 days 01:02:23.806000,0 days 01:02:24.166000,3742.986,3744.986,medium,medium
349,172,350,170,178,30260,2022-10-28 11:40:09.700,2022-10-28 11:40:10.114,0.41400000000000003,0 days 01:02:29.700000,0 days 01:02:30.114000,3748.907,3750.907,medium,medium_big
350,114,288,159,174,27666,2022-10-28 11:40:32.687,2022-10-28 11:40:33.101,0.41400000000000003,0 days 01:02:52.687000,0 days 01:02:53.101000,3771.8940000000002,3773.8940000000002,medium,medium_big
351,350,516,170,166,28220,2022-10-28 11:41:23.703,2022-10-28 11:41:24.102,0.399,0 days 01:03:43.703000,0 days 01:03:44.102000,3822.9025,3824.9025,medium,medium
352,144,327,168,183,30744,2022-10-28 11:41:36.023,2022-10-28 11:41:36.290,0.267,0 days 01:03:56.023000,0 days 01:03:56.290000,3835.1565,3837.1565,medium,medium_big
353,375,534,166,159,26394,2022-10-28 11:41:56.130,2022-10-28 11:41:56.490,0.36000000000000004,0 days 01:04:16.130000,0 days 01:04:16.490000,3855.3100000000004,3857.3100000000004,medium,medium_small
354,391,556,184,165,30360,2022-10-28 11:41:58.744,2022-10-28 11:41:59.158,0.41400000000000003,0 days 01:04:18.744000,0 days 01:04:19.158000,3857.951,3859.951,medium,medium
355,109,289,162,180,29160,2022-10-28 11:42:05.411,2022-10-28 11:42:05.784,0.373,0 days 01:04:25.411000,0 days 01:04:25.784000,3864.5975,3866.5975,medium,medium_big
356,130,303,178,173,30794,2022-10-28 11:42:08.011,2022-10-28 11:42:08.371,0.36000000000000004,0 days 01:04:28.011000,0 days 01:04:28.371000,3867.1910000000003,3869.1910000000003,medium,medium_big
357,104,287,146,183,26718,2022-10-28 11:42:52.586,2022-10-28 11:42:52.920,0.334,0 days 01:05:12.586000,0 days 01:05:12.920000,3911.753,3913.753,medium,medium_big
358,122,309,261,187,48807,2022-10-28 11:43:21.373,2022-10-28 11:43:22.161,0.788,0 days 01:05:41.373000,0 days 01:05:42.161000,3940.767,3942.767,medium,medium_big
359,367,545,144,178,25632,2022-10-28 11:43:42.601,2022-10-28 11:43:42.867,0.266,0 days 01:06:02.601000,0 days 01:06:02.867000,3961.7340000000004,3963.7340000000004,medium,medium_big
360,121,308,169,187,31603,2022-10-28 11:43:53.282,2022-10-28 11:43:53.722,0.44,0 days 01:06:13.282000,0 days 01:06:13.722000,3972.5020000000004,3974.5020000000004,medium,medium_big
361,382,543,149,161,23989,2022-10-28 11:44:13.522,2022-10-28 11:44:13.949,0.42700000000000005,0 days 01:06:33.522000,0 days 01:06:33.949000,3992.7355000000002,3994.7355000000002,medium,medium
362,69,307,333,238,79254,2022-10-28 11:44:29.083,2022-10-28 11:44:30.203,1.12,0 days 01:06:49.083000,0 days 01:06:50.203000,4008.643,4010.643,large,large
363,421,589,179,168,30072,2022-10-28 11:44:32.203,2022-10-28 11:44:32.523,0.32,0 days 01:06:52.203000,0 days 01:06:52.523000,4011.3630000000003,4013.3630000000003,medium,medium
364,128,312,166,184,30544,2022-10-28 11:44:39.296,2022-10-28 11:44:39.669,0.373,0 days 01:06:59.296000,0 days 01:06:59.669000,4018.4825,4020.4825,medium,medium_big
365,100,257,153,157,24021,2022-10-28 11:44:56.790,2022-10-28 11:44:57.084,0.29400000000000004,0 days 01:07:16.790000,0 days 01:07:17.084000,4035.9370000000004,4037.9370000000004,medium,medium_small
366,405,466,169,61,10309,2022-10-28 11:45:02.577,2022-10-28 11:45:02.710,0.133,0 days 01:07:22.577000,0 days 01:07:22.710000,4041.6435,4043.6435,small,small
367,124,308,165,184,30360,2022-10-28 11:45:46.138,2022-10-28 11:45:46.578,0.44,0 days 01:08:06.138000,0 days 01:08:06.578000,4085.358,4087.358,medium,medium_big
368,346,510,155,164,25420,2022-10-28 11:45:55.246,2022-10-28 11:45:55.606,0.36000000000000004,0 days 01:08:15.246000,0 days 01:08:15.606000,4094.4260000000004,4096.426,medium,medium
369,156,341,170,185,31450,2022-10-28 11:46:32.953,2022-10-28 11:46:33.273,0.32,0 days 01:08:52.953000,0 days 01:08:53.273000,4132.113,4134.113,medium,medium_big
370,401,571,190,170,32300,2022-10-28 11:47:25.275,2022-10-28 11:47:25.569,0.29400000000000004,0 days 01:09:45.275000,0 days 01:09:45.569000,4184.4220000000005,4186.4220000000005,medium,medium
371,356,535,166,179,29714,2022-10-28 11:47:43.677,2022-10-28 11:47:44.102,0.42500000000000004,0 days 01:10:03.677000,0 days 01:10:04.102000,4202.8895,4204.8895,medium,medium_big
372,106,269,189,163,30807,2022-10-28 11:48:01.503,2022-10-28 11:48:01.890,0.387,0 days 01:10:21.503000,0 days 01:10:21.890000,4220.6965,4222.6965,medium,medium
373,117,292,146,175,25550,2022-10-28 11:48:24.984,2022-10-28 11:48:25.424,0.44,0 days 01:10:44.984000,0 days 01:10:45.424000,4244.204,4246.204,medium,medium_big
374,361,549,179,188,33652,2022-10-28 11:48:28.544,2022-10-28 11:48:28.917,0.373,0 days 01:10:48.544000,0 days 01:10:48.917000,4247.7305,4249.7305,medium,medium_big
375,358,521,178,163,29014,2022-10-28 11:49:00.252,2022-10-28 11:49:00.692,0.44,0 days 01:11:20.252000,0 days 01:11:20.692000,4279.472,4281.472,medium,medium
376,367,539,147,172,25284,2022-10-28 11:49:25.453,2022-10-28 11:49:25.866,0.41300000000000003,0 days 01:11:45.453000,0 days 01:11:45.866000,4304.6595,4306.6595,medium,medium_big
377,47,293,339,246,83394,2022-10-28 11:49:27.653,2022-10-28 11:49:30.333,2.68,0 days 01:11:47.653000,0 days 01:11:50.333000,4307.993,4309.993,large,large
378,87,268,168,181,30408,2022-10-28 11:49:32.373,2022-10-28 11:49:32.866,0.49300000000000005,0 days 01:11:52.373000,0 days 01:11:52.866000,4311.619500000001,4313.619500000001,medium,medium_big
379,364,606,339,242,82038,2022-10-28 11:49:33.053,2022-10-28 11:49:35.786,2.733,0 days 01:11:53.053000,0 days 01:11:55.786000,4313.4195,4315.4195,large,large
380,389,559,169,170,28730,2022-10-28 11:49:38.440,2022-10-28 11:49:39.040,0.6000000000000001,0 days 01:11:58.440000,0 days 01:11:59.040000,4317.74,4319.74,medium,medium
381,102,262,149,160,23840,2022-10-28 11:49:39.934,2022-10-28 11:49:40.306,0.372,0 days 01:11:59.934000,0 days 01:12:00.306000,4319.120000000001,4321.120000000001,medium,medium_small
382,375,545,157,170,26690,2022-10-28 11:49:57.187,2022-10-28 11:49:57.534,0.34700000000000003,0 days 01:12:17.187000,0 days 01:12:17.534000,4336.360500000001,4338.360500000001,medium,medium
383,377,551,146,174,25404,2022-10-28 11:50:16.268,2022-10-28 11:50:16.667,0.399,0 days 01:12:36.268000,0 days 01:12:36.667000,4355.467500000001,4357.467500000001,medium,medium_big
384,130,303,148,173,25604,2022-10-28 11:50:43.029,2022-10-28 11:50:43.348,0.319,0 days 01:13:03.029000,0 days 01:13:03.348000,4382.1885,4384.1885,medium,medium_big
385,400,575,183,175,32025,2022-10-28 11:50:53.442,2022-10-28 11:50:53.856,0.41400000000000003,0 days 01:13:13.442000,0 days 01:13:13.856000,4392.649,4394.649,medium,medium_big
386,84,271,197,187,36839,2022-10-28 11:50:58.056,2022-10-28 11:50:58.602,0.546,0 days 01:13:18.056000,0 days 01:13:18.602000,4397.329,4399.329,medium,medium_big
387,382,546,182,164,29848,2022-10-28 11:51:00.789,2022-10-28 11:51:01.176,0.387,0 days 01:13:20.789000,0 days 01:13:21.176000,4399.9825,4401.9825,medium,medium
388,121,293,161,172,27692,2022-10-28 11:51:39.230,2022-10-28 11:51:39.550,0.32,0 days 01:13:59.230000,0 days 01:13:59.550000,4438.39,4440.39,medium,medium_big
389,337,521,146,184,26864,2022-10-28 11:51:51.484,2022-10-28 11:51:51.844,0.36000000000000004,0 days 01:14:11.484000,0 days 01:14:11.844000,4450.664000000001,4452.664000000001,medium,medium_big
390,366,533,149,167,24883,2022-10-28 11:52:15.619,2022-10-28 11:52:16.032,0.41300000000000003,0 days 01:14:35.619000,0 days 01:14:36.032000,4474.825500000001,4476.825500000001,medium,medium
391,359,516,175,157,27475,2022-10-28 11:52:21.032,2022-10-28 11:52:21.405,0.373,0 days 01:14:41.032000,0 days 01:14:41.405000,4480.218500000001,4482.218500000001,medium,medium_small
392,387,551,167,164,27388,2022-10-28 11:52:24.352,2022-10-28 11:52:24.725,0.373,0 days 01:14:44.352000,0 days 01:14:44.725000,4483.538500000001,4485.538500000001,medium,medium
393,341,509,171,168,28728,2022-10-28 11:53:13.527,2022-10-28 11:53:13.914,0.387,0 days 01:15:33.527000,0 days 01:15:33.914000,4532.7205,4534.7205,medium,medium
394,365,535,168,170,28560,2022-10-28 11:53:15.327,2022-10-28 11:53:15.754,0.42700000000000005,0 days 01:15:35.327000,0 days 01:15:35.754000,4534.5405,4536.5405,medium,medium
395,127,293,171,166,28386,2022-10-28 11:54:05.128,2022-10-28 11:54:05.463,0.335,0 days 01:16:25.128000,0 days 01:16:25.463000,4584.2955,4586.2955,medium,medium
396,97,267,175,170,29750,2022-10-28 11:54:26.144,2022-10-28 11:54:26.650,0.506,0 days 01:16:46.144000,0 days 01:16:46.650000,4605.397000000001,4607.397000000001,medium,medium
397,120,288,174,168,29232,2022-10-28 11:54:46.570,2022-10-28 11:54:46.984,0.41400000000000003,0 days 01:17:06.570000,0 days 01:17:06.984000,4625.777,4627.777,medium,medium
398,107,267,157,160,25120,2022-10-28 11:54:48.850,2022-10-28 11:54:49.197,0.34700000000000003,0 days 01:17:08.850000,0 days 01:17:09.197000,4628.0235,4630.0235,medium,medium_small
399,113,283,143,170,24310,2022-10-28 11:54:52.690,2022-10-28 11:54:53.037,0.34700000000000003,0 days 01:17:12.690000,0 days 01:17:13.037000,4631.8635,4633.8635,medium,medium
400,387,560,177,173,30621,2022-10-28 11:55:38.892,2022-10-28 11:55:39.306,0.41400000000000003,0 days 01:17:58.892000,0 days 01:17:59.306000,4678.099,4680.099,medium,medium_big
401,42,282,332,240,79680,2022-10-28 11:55:43.599,2022-10-28 11:55:44.826,1.227,0 days 01:18:03.599000,0 days 01:18:04.826000,4683.2125,4685.2125,large,large
402,360,526,163,166,27058,2022-10-28 11:55:46.612,2022-10-28 11:55:47.079,0.467,0 days 01:18:06.612000,0 days 01:18:07.079000,4685.8455,4687.8455,medium,medium
403,382,564,146,182,26572,2022-10-28 11:56:03.013,2022-10-28 11:56:03.307,0.29400000000000004,0 days 01:18:23.013000,0 days 01:18:23.307000,4702.16,4704.16,medium,medium_big
404,122,299,194,177,34338,2022-10-28 11:56:08.240,2022-10-28 11:56:08.720,0.48000000000000004,0 days 01:18:28.240000,0 days 01:18:28.720000,4707.4800000000005,4709.4800000000005,medium,medium_big
405,97,336,334,239,79826,2022-10-28 11:56:27.948,2022-10-28 11:56:29.214,1.266,0 days 01:18:47.948000,0 days 01:18:49.214000,4727.581,4729.581,large,large
406,107,283,148,176,26048,2022-10-28 11:56:37.908,2022-10-28 11:56:38.361,0.453,0 days 01:18:57.908000,0 days 01:18:58.361000,4737.1345,4739.1345,medium,medium_big
407,106,294,195,188,36660,2022-10-28 11:56:40.548,2022-10-28 11:56:41.094,0.546,0 days 01:19:00.548000,0 days 01:19:01.094000,4739.821,4741.821,medium,medium_big
408,349,599,339,250,84750,2022-10-28 11:56:49.975,2022-10-28 11:56:52.081,2.1060000000000003,0 days 01:19:09.975000,0 days 01:19:12.081000,4750.028,4752.028,large,large
409,385,568,208,183,38064,2022-10-28 11:57:05.335,2022-10-28 11:57:06.402,1.0670000000000002,0 days 01:19:25.335000,0 days 01:19:26.402000,4764.8685000000005,4766.8685000000005,medium,medium_big
410,145,307,162,162,26244,2022-10-28 11:57:14.015,2022-10-28 11:57:14.482,0.467,0 days 01:19:34.015000,0 days 01:19:34.482000,4773.2485,4775.2485,medium,medium
411,359,535,196,176,34496,2022-10-28 11:57:37.656,2022-10-28 11:57:38.110,0.454,0 days 01:19:57.656000,0 days 01:19:58.110000,4796.883,4798.883,medium,medium_big
412,351,527,158,176,27808,2022-10-28 11:57:53.857,2022-10-28 11:57:54.337,0.48000000000000004,0 days 01:20:13.857000,0 days 01:20:14.337000,4813.097,4815.097,medium,medium_big
413,111,278,149,167,24883,2022-10-28 11:58:03.857,2022-10-28 11:58:04.244,0.387,0 days 01:20:23.857000,0 days 01:20:24.244000,4823.0505,4825.0505,medium,medium
414,111,275,168,164,27552,2022-10-28 11:58:06.217,2022-10-28 11:58:06.657,0.44,0 days 01:20:26.217000,0 days 01:20:26.657000,4825.437,4827.437,medium,medium
415,116,281,181,165,29865,2022-10-28 11:58:09.684,2022-10-28 11:58:10.071,0.387,0 days 01:20:29.684000,0 days 01:20:30.071000,4828.8775000000005,4830.8775000000005,medium,medium
416,364,532,161,168,27048,2022-10-28 11:58:24.884,2022-10-28 11:58:25.218,0.334,0 days 01:20:44.884000,0 days 01:20:45.218000,4844.0509999999995,4846.0509999999995,medium,medium
417,398,562,183,164,30012,2022-10-28 11:58:27.885,2022-10-28 11:58:28.285,0.4,0 days 01:20:47.885000,0 days 01:20:48.285000,4847.085,4849.085,medium,medium
418,119,263,149,144,21456,2022-10-28 11:58:29.898,2022-10-28 11:58:30.218,0.32,0 days 01:20:49.898000,0 days 01:20:50.218000,4849.058000000001,4851.058000000001,medium,medium_small
419,370,539,150,169,25350,2022-10-28 11:58:44.925,2022-10-28 11:58:45.313,0.388,0 days 01:21:04.925000,0 days 01:21:05.313000,4864.119000000001,4866.119000000001,medium,medium
420,89,326,338,237,80106,2022-10-28 11:59:58.955,2022-10-28 12:00:01.315,2.3600000000000003,0 days 01:22:18.955000,0 days 01:22:21.315000,4939.135,4941.135,large,large
421,356,526,147,170,24990,2022-10-28 12:00:18.822,2022-10-28 12:00:19.182,0.36000000000000004,0 days 01:22:38.822000,0 days 01:22:39.182000,4958.002,4960.002,medium,medium
422,389,558,143,169,24167,2022-10-28 12:00:36.329,2022-10-28 12:00:36.809,0.48000000000000004,0 days 01:22:56.329000,0 days 01:22:56.809000,4975.569,4977.569,medium,medium
423,109,288,147,179,26313,2022-10-28 12:00:43.289,2022-10-28 12:00:43.677,0.388,0 days 01:23:03.289000,0 days 01:23:03.677000,4982.483,4984.483,medium,medium_big
424,381,554,184,173,31832,2022-10-28 12:00:46.517,2022-10-28 12:00:46.889,0.372,0 days 01:23:06.517000,0 days 01:23:06.889000,4985.703,4987.703,medium,medium_big
425,351,531,161,180,28980,2022-10-28 12:00:50.477,2022-10-28 12:00:50.837,0.36000000000000004,0 days 01:23:10.477000,0 days 01:23:10.837000,4989.657,4991.657,medium,medium_big
426,112,283,144,171,24624,2022-10-28 12:00:59.450,2022-10-28 12:00:59.863,0.41300000000000003,0 days 01:23:19.450000,0 days 01:23:19.863000,4998.656500000001,5000.656500000001,medium,medium_big
427,98,264,161,166,26726,2022-10-28 12:01:07.583,2022-10-28 12:01:08.063,0.48000000000000004,0 days 01:23:27.583000,0 days 01:23:28.063000,5006.823,5008.823,medium,medium
428,118,273,149,155,23095,2022-10-28 12:01:10.863,2022-10-28 12:01:11.264,0.401,0 days 01:23:30.863000,0 days 01:23:31.264000,5010.0635,5012.0635,medium,medium_small
429,370,536,192,166,31872,2022-10-28 12:01:13.623,2022-10-28 12:01:14.210,0.5870000000000001,0 days 01:23:33.623000,0 days 01:23:34.210000,5012.9165,5014.9165,medium,medium
430,376,537,146,161,23506,2022-10-28 12:01:16.958,2022-10-28 12:01:17.464,0.506,0 days 01:23:36.958000,0 days 01:23:37.464000,5016.211,5018.211,medium,medium
431,124,308,180,184,33120,2022-10-28 12:01:41.291,2022-10-28 12:01:41.691,0.4,0 days 01:24:01.291000,0 days 01:24:01.691000,5040.491,5042.491,medium,medium_big
432,384,554,160,170,27200,2022-10-28 12:01:51.252,2022-10-28 12:01:51.559,0.307,0 days 01:24:11.252000,0 days 01:24:11.559000,5050.405500000001,5052.405500000001,medium,medium
433,92,274,163,182,29666,2022-10-28 12:02:33.120,2022-10-28 12:02:33.560,0.44,0 days 01:24:53.120000,0 days 01:24:53.560000,5092.34,5094.34,medium,medium_big
434,351,488,152,137,20824,2022-10-28 12:02:41.933,2022-10-28 12:02:42.121,0.188,0 days 01:25:01.933000,0 days 01:25:02.121000,5101.027,5103.027,medium,medium_small
435,380,542,161,162,26082,2022-10-28 12:02:49.427,2022-10-28 12:02:49.787,0.36000000000000004,0 days 01:25:09.427000,0 days 01:25:09.787000,5108.607,5110.607,medium,medium
436,106,275,165,169,27885,2022-10-28 12:02:51.347,2022-10-28 12:02:51.761,0.41400000000000003,0 days 01:25:11.347000,0 days 01:25:11.761000,5110.554,5112.554,medium,medium
437,386,544,146,158,23068,2022-10-28 12:02:52.814,2022-10-28 12:02:53.067,0.253,0 days 01:25:12.814000,0 days 01:25:13.067000,5111.940500000001,5113.940500000001,medium,medium_small
438,121,294,195,173,33735,2022-10-28 12:03:24.988,2022-10-28 12:03:25.255,0.267,0 days 01:25:44.988000,0 days 01:25:45.255000,5144.1215,5146.1215,medium,medium_big
439,136,307,168,171,28728,2022-10-28 12:03:32.842,2022-10-28 12:03:33.202,0.36000000000000004,0 days 01:25:52.842000,0 days 01:25:53.202000,5152.022000000001,5154.022000000001,medium,medium_big
440,363,538,194,175,33950,2022-10-28 12:03:47.416,2022-10-28 12:03:47.763,0.34700000000000003,0 days 01:26:07.416000,0 days 01:26:07.763000,5166.5895,5168.5895,medium,medium_big
441,360,522,188,162,30456,2022-10-28 12:04:15.830,2022-10-28 12:04:16.150,0.32,0 days 01:26:35.830000,0 days 01:26:36.150000,5194.99,5196.99,medium,medium
442,97,277,144,180,25920,2022-10-28 12:04:38.497,2022-10-28 12:04:38.791,0.29400000000000004,0 days 01:26:58.497000,0 days 01:26:58.791000,5217.644,5219.644,medium,medium_big
443,234,400,154,166,25564,2022-10-28 12:04:45.831,2022-10-28 12:04:46.257,0.42600000000000005,0 days 01:27:05.831000,0 days 01:27:06.257000,5225.044,5227.044,medium,medium
444,481,510,109,29,3161,2022-10-28 12:05:08.311,2022-10-28 12:05:08.311,0.0,0 days 01:27:28.311000,0 days 01:27:28.311000,5247.311000000001,5249.311000000001,small,small
445,336,580,339,244,82716,2022-10-28 12:05:08.352,2022-10-28 12:05:10.646,2.294,0 days 01:27:28.352000,0 days 01:27:30.646000,5248.499000000001,5250.499000000001,large,large
446,61,215,154,154,23716,2022-10-28 12:05:13.059,2022-10-28 12:05:13.458,0.399,0 days 01:27:33.059000,0 days 01:27:33.458000,5252.2585,5254.2585,medium,medium_small
447,379,555,178,176,31328,2022-10-28 12:05:16.526,2022-10-28 12:05:16.952,0.42600000000000005,0 days 01:27:36.526000,0 days 01:27:36.952000,5255.7390000000005,5257.7390000000005,medium,medium_big
448,370,547,167,177,29559,2022-10-28 12:05:27.886,2022-10-28 12:05:28.312,0.42600000000000005,0 days 01:27:47.886000,0 days 01:27:48.312000,5267.099,5269.099,medium,medium_big
449,379,555,162,176,28512,2022-10-28 12:05:35.433,2022-10-28 12:05:35.887,0.454,0 days 01:27:55.433000,0 days 01:27:55.887000,5274.66,5276.66,medium,medium_big
450,75,244,146,169,24674,2022-10-28 12:05:35.953,2022-10-28 12:05:36.352,0.399,0 days 01:27:55.953000,0 days 01:27:56.352000,5275.1525,5277.1525,medium,medium
451,369,538,169,169,28561,2022-10-28 12:06:31.969,2022-10-28 12:06:32.329,0.36000000000000004,0 days 01:28:51.969000,0 days 01:28:52.329000,5331.149,5333.149,medium,medium
452,118,283,156,165,25740,2022-10-28 12:07:02.542,2022-10-28 12:07:02.916,0.374,0 days 01:29:22.542000,0 days 01:29:22.916000,5361.729,5363.729,medium,medium
453,82,326,340,244,82960,2022-10-28 12:09:19.107,2022-10-28 12:09:21.267,2.16,0 days 01:31:39.107000,0 days 01:31:41.267000,5499.187,5501.187,large,large
454,134,307,149,173,25777,2022-10-28 12:09:24.040,2022-10-28 12:09:24.480,0.44,0 days 01:31:44.040000,0 days 01:31:44.480000,5503.26,5505.26,medium,medium_big
455,188,332,152,144,21888,2022-10-28 12:09:31.801,2022-10-28 12:09:32.001,0.2,0 days 01:31:51.801000,0 days 01:31:52.001000,5510.901,5512.901,medium,medium_small
456,153,312,148,159,23532,2022-10-28 12:09:33.067,2022-10-28 12:09:33.441,0.374,0 days 01:31:53.067000,0 days 01:31:53.441000,5512.254000000001,5514.254000000001,medium,medium_small
457,380,537,183,157,28731,2022-10-28 12:10:34.457,2022-10-28 12:10:34.817,0.36000000000000004,0 days 01:32:54.457000,0 days 01:32:54.817000,5573.637000000001,5575.637000000001,medium,medium_small
458,330,505,202,175,35350,2022-10-28 12:10:40.670,2022-10-28 12:10:41.070,0.4,0 days 01:33:00.670000,0 days 01:33:01.070000,5579.870000000001,5581.870000000001,medium,medium_big
459,363,538,189,175,33075,2022-10-28 12:10:58.458,2022-10-28 12:10:58.910,0.452,0 days 01:33:18.458000,0 days 01:33:18.910000,5597.684000000001,5599.684000000001,medium,medium_big
460,399,564,161,165,26565,2022-10-28 12:11:10.884,2022-10-28 12:11:11.284,0.4,0 days 01:33:30.884000,0 days 01:33:31.284000,5610.084000000001,5612.084000000001,medium,medium
461,124,293,169,169,28561,2022-10-28 12:11:17.124,2022-10-28 12:11:17.511,0.387,0 days 01:33:37.124000,0 days 01:33:37.511000,5616.317500000001,5618.317500000001,medium,medium
462,427,601,163,174,28362,2022-10-28 12:11:21.604,2022-10-28 12:11:21.925,0.321,0 days 01:33:41.604000,0 days 01:33:41.925000,5620.7645,5622.7645,medium,medium_big
463,161,327,194,166,32204,2022-10-28 12:12:06.420,2022-10-28 12:12:06.900,0.48000000000000004,0 days 01:34:26.420000,0 days 01:34:26.900000,5665.66,5667.66,medium,medium
464,106,280,188,174,32712,2022-10-28 12:12:18.140,2022-10-28 12:12:18.621,0.48100000000000004,0 days 01:34:38.140000,0 days 01:34:38.621000,5677.3805,5679.3805,medium,medium_big
465,106,281,190,175,33250,2022-10-28 12:12:23.833,2022-10-28 12:12:24.273,0.44,0 days 01:34:43.833000,0 days 01:34:44.273000,5683.053,5685.053,medium,medium_big
466,149,303,147,154,22638,2022-10-28 12:12:42.594,2022-10-28 12:12:43.021,0.42700000000000005,0 days 01:35:02.594000,0 days 01:35:03.021000,5701.807500000001,5703.807500000001,medium,medium_small
467,515,583,172,68,11696,2022-10-28 12:12:55.022,2022-10-28 12:12:55.194,0.17200000000000001,0 days 01:35:15.022000,0 days 01:35:15.194000,5714.108,5716.108,small,small
468,109,287,146,178,25988,2022-10-28 12:12:56.634,2022-10-28 12:12:57.008,0.374,0 days 01:35:16.634000,0 days 01:35:17.008000,5715.821,5717.821,medium,medium_big
469,106,264,151,158,23858,2022-10-28 12:12:59.408,2022-10-28 12:12:59.808,0.4,0 days 01:35:19.408000,0 days 01:35:19.808000,5718.608,5720.608,medium,medium_small
470,96,259,148,163,24124,2022-10-28 12:13:23.115,2022-10-28 12:13:23.463,0.34800000000000003,0 days 01:35:43.115000,0 days 01:35:43.463000,5742.289000000001,5744.289000000001,medium,medium
471,91,260,171,169,28899,2022-10-28 12:13:26.903,2022-10-28 12:13:27.249,0.34600000000000003,0 days 01:35:46.903000,0 days 01:35:47.249000,5746.076000000001,5748.076000000001,medium,medium
472,376,545,144,169,24336,2022-10-28 12:13:33.063,2022-10-28 12:13:33.423,0.36000000000000004,0 days 01:35:53.063000,0 days 01:35:53.423000,5752.243,5754.243,medium,medium
473,103,257,162,154,24948,2022-10-28 12:13:43.676,2022-10-28 12:13:44.036,0.36000000000000004,0 days 01:36:03.676000,0 days 01:36:04.036000,5762.856,5764.856,medium,medium_small
474,126,278,158,152,24016,2022-10-28 12:13:53.584,2022-10-28 12:13:53.890,0.306,0 days 01:36:13.584000,0 days 01:36:13.890000,5772.737000000001,5774.737000000001,medium,medium_small
475,123,299,179,176,31504,2022-10-28 12:14:15.504,2022-10-28 12:14:15.877,0.373,0 days 01:36:35.504000,0 days 01:36:35.877000,5794.690500000001,5796.690500000001,medium,medium_big
476,120,297,142,177,25134,2022-10-28 12:14:20.557,2022-10-28 12:14:21.011,0.454,0 days 01:36:40.557000,0 days 01:36:41.011000,5799.784000000001,5801.784000000001,medium,medium_big
477,136,307,165,171,28215,2022-10-28 12:14:30.678,2022-10-28 12:14:31.038,0.36000000000000004,0 days 01:36:50.678000,0 days 01:36:51.038000,5809.858,5811.858,medium,medium_big
478,360,537,181,177,32037,2022-10-28 12:15:38.027,2022-10-28 12:15:38.320,0.29300000000000004,0 days 01:37:58.027000,0 days 01:37:58.320000,5877.173500000001,5879.173500000001,medium,medium_big
479,111,284,209,173,36157,2022-10-28 12:15:42.640,2022-10-28 12:15:43.134,0.49400000000000005,0 days 01:38:02.640000,0 days 01:38:03.134000,5881.887000000001,5883.887000000001,medium,medium_big
480,103,274,152,171,25992,2022-10-28 12:16:26.162,2022-10-28 12:16:26.829,0.667,0 days 01:38:46.162000,0 days 01:38:46.829000,5925.495500000001,5927.495500000001,medium,medium_big
481,100,269,163,169,27547,2022-10-28 12:16:48.070,2022-10-28 12:16:48.482,0.41200000000000003,0 days 01:39:08.070000,0 days 01:39:08.482000,5947.276,5949.276,medium,medium
482,150,293,149,143,21307,2022-10-28 12:16:49.922,2022-10-28 12:16:50.256,0.334,0 days 01:39:09.922000,0 days 01:39:10.256000,5949.089,5951.089,medium,medium_small
483,380,550,145,170,24650,2022-10-28 12:17:01.670,2022-10-28 12:17:02.016,0.34600000000000003,0 days 01:39:21.670000,0 days 01:39:22.016000,5960.843000000001,5962.843000000001,medium,medium
484,115,290,193,175,33775,2022-10-28 12:17:02.803,2022-10-28 12:17:03.203,0.4,0 days 01:39:22.803000,0 days 01:39:23.203000,5962.003000000001,5964.003000000001,medium,medium_big
485,342,589,341,247,84227,2022-10-28 12:17:34.777,2022-10-28 12:17:36.844,2.067,0 days 01:39:54.777000,0 days 01:39:56.844000,5994.8105,5996.8105,large,large
486,370,531,143,161,23023,2022-10-28 12:17:40.324,2022-10-28 12:17:40.764,0.44,0 days 01:40:00.324000,0 days 01:40:00.764000,5999.544,6001.544,medium,medium
487,360,534,158,174,27492,2022-10-28 12:17:47.244,2022-10-28 12:17:47.592,0.34800000000000003,0 days 01:40:07.244000,0 days 01:40:07.592000,6006.418000000001,6008.418000000001,medium,medium_big
488,356,532,148,176,26048,2022-10-28 12:18:31.859,2022-10-28 12:18:32.179,0.32,0 days 01:40:51.859000,0 days 01:40:52.179000,6051.019,6053.019,medium,medium_big
489,394,565,163,171,27873,2022-10-28 12:18:34.379,2022-10-28 12:18:34.779,0.4,0 days 01:40:54.379000,0 days 01:40:54.779000,6053.579000000001,6055.579000000001,medium,medium_big
490,375,558,168,183,30744,2022-10-28 12:18:35.953,2022-10-28 12:18:36.394,0.441,0 days 01:40:55.953000,0 days 01:40:56.394000,6055.173500000001,6057.173500000001,medium,medium_big
491,107,293,165,186,30690,2022-10-28 12:18:45.540,2022-10-28 12:18:45.954,0.41400000000000003,0 days 01:41:05.540000,0 days 01:41:05.954000,6064.747,6066.747,medium,medium_big
492,67,308,340,241,81940,2022-10-28 12:19:08.727,2022-10-28 12:19:10.980,2.253,0 days 01:41:28.727000,0 days 01:41:30.980000,6088.853500000001,6090.853500000001,large,large
493,83,252,146,169,24674,2022-10-28 12:19:15.315,2022-10-28 12:19:15.715,0.4,0 days 01:41:35.315000,0 days 01:41:35.715000,6094.515,6096.515,medium,medium
494,82,255,168,173,29064,2022-10-28 12:19:18.741,2022-10-28 12:19:19.115,0.374,0 days 01:41:38.741000,0 days 01:41:39.115000,6097.928,6099.928,medium,medium_big
495,95,278,154,183,28182,2022-10-28 12:19:26.488,2022-10-28 12:19:26.901,0.41300000000000003,0 days 01:41:46.488000,0 days 01:41:46.901000,6105.6945000000005,6107.6945000000005,medium,medium_big
496,97,273,157,176,27632,2022-10-28 12:20:03.302,2022-10-28 12:20:03.729,0.42700000000000005,0 days 01:42:23.302000,0 days 01:42:23.729000,6142.5155,6144.5155,medium,medium_big
497,379,554,167,175,29225,2022-10-28 12:20:08.129,2022-10-28 12:20:08.569,0.44,0 days 01:42:28.129000,0 days 01:42:28.569000,6147.349,6149.349,medium,medium_big
498,356,532,166,176,29216,2022-10-28 12:20:12.437,2022-10-28 12:20:12.877,0.44,0 days 01:42:32.437000,0 days 01:42:32.877000,6151.657000000001,6153.657000000001,medium,medium_big
499,82,254,169,172,29068,2022-10-28 12:20:17.569,2022-10-28 12:20:17.983,0.41400000000000003,0 days 01:42:37.569000,0 days 01:42:37.983000,6156.776,6158.776,medium,medium_big
500,91,255,162,164,26568,2022-10-28 12:20:20.143,2022-10-28 12:20:20.490,0.34700000000000003,0 days 01:42:40.143000,0 days 01:42:40.490000,6159.316500000001,6161.316500000001,medium,medium
501,125,289,188,164,30832,2022-10-28 12:20:31.823,2022-10-28 12:20:32.157,0.334,0 days 01:42:51.823000,0 days 01:42:52.157000,6170.99,6172.99,medium,medium
502,350,527,164,177,29028,2022-10-28 12:20:41.930,2022-10-28 12:20:42.358,0.42800000000000005,0 days 01:43:01.930000,0 days 01:43:02.358000,6181.144,6183.144,medium,medium_big
503,102,267,147,165,24255,2022-10-28 12:20:45.784,2022-10-28 12:20:46.210,0.42600000000000005,0 days 01:43:05.784000,0 days 01:43:06.210000,6184.997,6186.997,medium,medium
504,141,303,158,162,25596,2022-10-28 12:21:11.945,2022-10-28 12:21:12.305,0.36000000000000004,0 days 01:43:31.945000,0 days 01:43:32.305000,6211.125,6213.125,medium,medium
505,118,279,164,161,26404,2022-10-28 12:21:16.519,2022-10-28 12:21:16.892,0.373,0 days 01:43:36.519000,0 days 01:43:36.892000,6215.7055,6217.7055,medium,medium
506,345,513,168,168,28224,2022-10-28 12:22:06.387,2022-10-28 12:22:06.881,0.49400000000000005,0 days 01:44:26.387000,0 days 01:44:26.881000,6265.634,6267.634,medium,medium
507,355,538,165,183,30195,2022-10-28 12:22:17.521,2022-10-28 12:22:17.934,0.41300000000000003,0 days 01:44:37.521000,0 days 01:44:37.934000,6276.727500000001,6278.727500000001,medium,medium_big
508,370,533,150,163,24450,2022-10-28 12:22:30.854,2022-10-28 12:22:31.374,0.52,0 days 01:44:50.854000,0 days 01:44:51.374000,6290.1140000000005,6292.1140000000005,medium,medium
509,108,283,163,175,28525,2022-10-28 12:22:32.841,2022-10-28 12:22:33.242,0.401,0 days 01:44:52.841000,0 days 01:44:53.242000,6292.0415,6294.0415,medium,medium_big
510,141,307,148,166,24568,2022-10-28 12:22:55.575,2022-10-28 12:22:56.028,0.453,0 days 01:45:15.575000,0 days 01:45:16.028000,6314.8015000000005,6316.8015000000005,medium,medium
511,98,257,205,159,32595,2022-10-28 12:23:12.709,2022-10-28 12:23:13.203,0.49400000000000005,0 days 01:45:32.709000,0 days 01:45:33.203000,6331.956,6333.956,medium,medium_small
512,130,308,196,178,34888,2022-10-28 12:24:03.525,2022-10-28 12:24:03.965,0.44,0 days 01:46:23.525000,0 days 01:46:23.965000,6382.745000000001,6384.745000000001,medium,medium_big
513,95,264,167,169,28223,2022-10-28 12:24:06.125,2022-10-28 12:24:06.897,0.772,0 days 01:46:26.125000,0 days 01:46:26.897000,6385.511,6387.511,medium,medium
514,314,554,340,240,81600,2022-10-28 12:24:24.605,2022-10-28 12:24:26.485,1.8800000000000001,0 days 01:46:44.605000,0 days 01:46:46.485000,6404.545,6406.545,large,large
515,366,534,157,168,26376,2022-10-28 12:24:37.752,2022-10-28 12:24:38.086,0.334,0 days 01:46:57.752000,0 days 01:46:58.086000,6416.919,6418.919,medium,medium
516,107,281,196,174,34104,2022-10-28 12:24:50.019,2022-10-28 12:24:50.392,0.373,0 days 01:47:10.019000,0 days 01:47:10.392000,6429.2055,6431.2055,medium,medium_big
517,115,272,150,157,23550,2022-10-28 12:24:53.872,2022-10-28 12:24:54.152,0.28,0 days 01:47:13.872000,0 days 01:47:14.152000,6433.012000000001,6435.012000000001,medium,medium_small
518,125,299,201,174,34974,2022-10-28 12:25:06.087,2022-10-28 12:25:06.619,0.532,0 days 01:47:26.087000,0 days 01:47:26.619000,6445.353000000001,6447.353000000001,medium,medium_big
519,123,312,188,189,35532,2022-10-28 12:25:18.687,2022-10-28 12:25:19.247,0.56,0 days 01:47:38.687000,0 days 01:47:39.247000,6457.967000000001,6459.967000000001,medium,medium_big
520,352,519,149,167,24883,2022-10-28 12:25:24.073,2022-10-28 12:25:24.434,0.36100000000000004,0 days 01:47:44.073000,0 days 01:47:44.434000,6463.253500000001,6465.253500000001,medium,medium
521,376,538,210,162,34020,2022-10-28 12:25:43.594,2022-10-28 12:25:44.008,0.41400000000000003,0 days 01:48:03.594000,0 days 01:48:04.008000,6482.801,6484.801,medium,medium
522,47,287,335,240,80400,2022-10-28 12:25:45.088,2022-10-28 12:25:46.448,1.36,0 days 01:48:05.088000,0 days 01:48:06.448000,6484.768,6486.768,large,large
523,91,259,150,168,25200,2022-10-28 12:25:50.474,2022-10-28 12:25:50.888,0.41400000000000003,0 days 01:48:10.474000,0 days 01:48:10.888000,6489.6810000000005,6491.6810000000005,medium,medium
524,361,537,279,176,49104,2022-10-28 12:25:55.461,2022-10-28 12:25:56.169,0.7080000000000001,0 days 01:48:15.461000,0 days 01:48:16.169000,6494.8150000000005,6496.8150000000005,medium,medium_big
525,365,545,189,180,34020,2022-10-28 12:25:57.434,2022-10-28 12:25:58.009,0.5750000000000001,0 days 01:48:17.434000,0 days 01:48:18.009000,6496.7215,6498.7215,medium,medium_big
526,352,525,167,173,28891,2022-10-28 12:25:59.661,2022-10-28 12:26:00.181,0.52,0 days 01:48:19.661000,0 days 01:48:20.181000,6498.921,6500.921,medium,medium_big
527,387,556,146,169,24674,2022-10-28 12:26:10.422,2022-10-28 12:26:10.809,0.387,0 days 01:48:30.422000,0 days 01:48:30.809000,6509.6155,6511.6155,medium,medium
528,81,249,160,168,26880,2022-10-28 12:26:10.422,2022-10-28 12:26:10.889,0.467,0 days 01:48:30.422000,0 days 01:48:30.889000,6509.655500000001,6511.655500000001,medium,medium
529,375,548,162,173,28026,2022-10-28 12:26:15.982,2022-10-28 12:26:16.422,0.44,0 days 01:48:35.982000,0 days 01:48:36.422000,6515.202,6517.202,medium,medium_big
530,341,525,203,184,37352,2022-10-28 12:26:37.250,2022-10-28 12:26:37.636,0.386,0 days 01:48:57.250000,0 days 01:48:57.636000,6536.443,6538.443,medium,medium_big
531,144,302,135,158,21330,2022-10-28 12:27:10.731,2022-10-28 12:27:11.064,0.333,0 days 01:49:30.731000,0 days 01:49:31.064000,6569.897500000001,6571.897500000001,medium,medium_small
