,y0,y1,height,width,front_area,datetime_enter,datetime_leave,duration,class_1,class_2,timedelta_start,timedelta_end,audio_start_s,audio_end_s
598,144,303,189,159,30051,2022-10-21 11:40:47.014,2022-10-21 11:40:47.440,0.426,medium,medium_small,0 days 00:00:36.014000,0 days 00:00:36.440000,35.227000000000004,37.227000000000004
599,108,283,151,175,26425,2022-10-21 11:41:17.508,2022-10-21 11:41:17.881,0.373,medium,medium_big,0 days 00:01:06.508000,0 days 00:01:06.881000,65.6945,67.6945
600,124,283,143,159,22737,2022-10-21 11:41:30.388,2022-10-21 11:41:30.696,0.308,medium,medium_small,0 days 00:01:19.388000,0 days 00:01:19.696000,78.542,80.542
601,357,528,141,171,24111,2022-10-21 11:41:53.696,2022-10-21 11:41:54.149,0.453,medium,medium_big,0 days 00:01:42.696000,0 days 00:01:43.149000,101.9225,103.9225
602,102,279,166,177,29382,2022-10-21 11:42:15.577,2022-10-21 11:42:15.923,0.346,medium,medium_big,0 days 00:02:04.577000,0 days 00:02:04.923000,123.75,125.75
603,379,557,169,178,30082,2022-10-21 11:42:25.350,2022-10-21 11:42:25.737,0.387,medium,medium_big,0 days 00:02:14.350000,0 days 00:02:14.737000,133.5435,135.5435
604,158,331,169,173,29237,2022-10-21 11:42:34.138,2022-10-21 11:42:34.550,0.412,medium,medium_big,0 days 00:02:23.138000,0 days 00:02:23.550000,142.344,144.344
605,114,289,176,175,30800,2022-10-21 11:43:04.899,2022-10-21 11:43:05.272,0.373,medium,medium_big,0 days 00:02:53.899000,0 days 00:02:54.272000,173.0855,175.0855
606,399,541,149,142,21158,2022-10-21 11:43:20.499,2022-10-21 11:43:20.765,0.266,medium,medium_small,0 days 00:03:09.499000,0 days 00:03:09.765000,188.632,190.632
607,115,283,172,168,28896,2022-10-21 11:43:28.712,2022-10-21 11:43:29.073,0.361,medium,medium,0 days 00:03:17.712000,0 days 00:03:18.073000,196.89249999999998,198.89249999999998
608,157,317,148,160,23680,2022-10-21 11:43:41.860,2022-10-21 11:43:42.273,0.413,medium,medium_small,0 days 00:03:30.860000,0 days 00:03:31.273000,210.06650000000002,212.06650000000002
609,66,294,362,228,82536,2022-10-21 11:43:53.941,2022-10-21 11:43:55.421,1.48,large,large,0 days 00:03:42.941000,0 days 00:03:44.421000,222.68099999999998,224.68099999999998
610,347,522,146,175,25550,2022-10-21 11:44:00.954,2022-10-21 11:44:01.314,0.36,medium,medium_big,0 days 00:03:49.954000,0 days 00:03:50.314000,229.13400000000001,231.13400000000001
611,336,512,157,176,27632,2022-10-21 11:44:32.408,2022-10-21 11:44:32.928,0.52,medium,medium_big,0 days 00:04:21.408000,0 days 00:04:21.928000,260.668,262.668
612,351,506,148,155,22940,2022-10-21 11:44:45.235,2022-10-21 11:44:45.808,0.573,medium,medium_small,0 days 00:04:34.235000,0 days 00:04:34.808000,273.5215,275.5215
613,390,554,168,164,27552,2022-10-21 11:45:02.663,2022-10-21 11:45:03.089,0.426,medium,medium,0 days 00:04:51.663000,0 days 00:04:52.089000,290.876,292.876
614,408,552,161,144,23184,2022-10-21 11:45:04.729,2022-10-21 11:45:05.063,0.334,medium,medium_small,0 days 00:04:53.729000,0 days 00:04:54.063000,292.89599999999996,294.89599999999996
615,103,288,163,185,30155,2022-10-21 11:45:07.369,2022-10-21 11:45:07.756,0.387,medium,medium_big,0 days 00:04:56.369000,0 days 00:04:56.756000,295.5625,297.5625
616,146,307,163,161,26243,2022-10-21 11:45:54.718,2022-10-21 11:45:55.078,0.36,medium,medium,0 days 00:05:43.718000,0 days 00:05:44.078000,342.898,344.898
617,111,273,155,162,25110,2022-10-21 11:46:07.318,2022-10-21 11:46:07.625,0.307,medium,medium,0 days 00:05:56.318000,0 days 00:05:56.625000,355.4715,357.4715
618,124,362,334,238,79492,2022-10-21 11:46:21.026,2022-10-21 11:46:22.026,1.0,large,large,0 days 00:06:10.026000,0 days 00:06:11.026000,369.526,371.526
619,58,217,148,159,23532,2022-10-21 11:46:58.773,2022-10-21 11:46:59.213,0.44,medium,medium_small,0 days 00:06:47.773000,0 days 00:06:48.213000,406.99300000000005,408.99300000000005
620,357,605,337,248,83576,2022-10-21 11:47:01.213,2022-10-21 11:47:03.587,2.374,large,large,0 days 00:06:50.213000,0 days 00:06:52.587000,410.4,412.4
621,351,510,147,159,23373,2022-10-21 11:47:08.800,2022-10-21 11:47:09.308,0.508,medium,medium_small,0 days 00:06:57.800000,0 days 00:06:58.308000,417.054,419.054
622,347,519,151,172,25972,2022-10-21 11:47:15.320,2022-10-21 11:47:15.708,0.388,medium,medium_big,0 days 00:07:04.320000,0 days 00:07:04.708000,423.514,425.514
623,62,237,186,175,32550,2022-10-21 11:47:17.601,2022-10-21 11:47:18.094,0.493,medium,medium_big,0 days 00:07:06.601000,0 days 00:07:07.094000,425.84749999999997,427.84749999999997
624,341,498,156,157,24492,2022-10-21 11:49:06.832,2022-10-21 11:49:07.164,0.332,medium,medium_small,0 days 00:08:55.832000,0 days 00:08:56.164000,534.998,536.998
625,64,308,338,244,82472,2022-10-21 11:49:48.233,2022-10-21 11:49:50.459,2.226,large,large,0 days 00:09:37.233000,0 days 00:09:39.459000,577.346,579.346
626,96,262,144,166,23904,2022-10-21 11:49:52.979,2022-10-21 11:49:53.379,0.4,medium,medium,0 days 00:09:41.979000,0 days 00:09:42.379000,581.1790000000001,583.1790000000001
627,106,274,160,168,26880,2022-10-21 11:49:55.274,2022-10-21 11:49:55.673,0.399,medium,medium,0 days 00:09:44.274000,0 days 00:09:44.673000,583.4735000000001,585.4735000000001
628,99,265,161,166,26726,2022-10-21 11:49:58.446,2022-10-21 11:49:58.859,0.413,medium,medium,0 days 00:09:47.446000,0 days 00:09:47.859000,586.6525,588.6525
629,319,585,351,266,93366,2022-10-21 11:50:21.660,2022-10-21 11:50:22.647,0.987,large,large,0 days 00:10:10.660000,0 days 00:10:11.647000,610.1535,612.1535
630,67,233,160,166,26560,2022-10-21 11:50:42.955,2022-10-21 11:50:43.261,0.306,medium,medium,0 days 00:10:31.955000,0 days 00:10:32.261000,631.108,633.108
631,404,563,155,159,24645,2022-10-21 11:50:45.141,2022-10-21 11:50:45.501,0.36,medium,medium_small,0 days 00:10:34.141000,0 days 00:10:34.501000,633.3209999999999,635.3209999999999
632,399,547,153,148,22644,2022-10-21 11:51:10.142,2022-10-21 11:51:10.516,0.374,medium,medium_small,0 days 00:10:59.142000,0 days 00:10:59.516000,658.329,660.329
633,83,254,166,171,28386,2022-10-21 11:51:15.182,2022-10-21 11:51:15.502,0.32,medium,medium_big,0 days 00:11:04.182000,0 days 00:11:04.502000,663.342,665.342
634,384,559,146,175,25550,2022-10-21 11:51:21.889,2022-10-21 11:51:22.249,0.36,medium,medium_big,0 days 00:11:10.889000,0 days 00:11:11.249000,670.069,672.069
635,88,254,165,166,27390,2022-10-21 11:51:35.263,2022-10-21 11:51:35.649,0.386,medium,medium,0 days 00:11:24.263000,0 days 00:11:24.649000,683.456,685.456
636,79,239,147,160,23520,2022-10-21 11:51:37.983,2022-10-21 11:51:38.370,0.387,medium,medium_small,0 days 00:11:26.983000,0 days 00:11:27.370000,686.1765,688.1765
637,400,572,167,172,28724,2022-10-21 11:51:39.863,2022-10-21 11:51:40.237,0.374,medium,medium_big,0 days 00:11:28.863000,0 days 00:11:29.237000,688.05,690.05
638,111,278,196,167,32732,2022-10-21 11:51:42.090,2022-10-21 11:51:42.583,0.493,medium,medium,0 days 00:11:31.090000,0 days 00:11:31.583000,690.3365,692.3365
639,93,259,147,166,24402,2022-10-21 11:51:59.464,2022-10-21 11:51:59.810,0.346,medium,medium,0 days 00:11:48.464000,0 days 00:11:48.810000,707.637,709.637
640,84,249,165,165,27225,2022-10-21 11:52:02.678,2022-10-21 11:52:02.971,0.293,medium,medium,0 days 00:11:51.678000,0 days 00:11:51.971000,710.8245,712.8245
641,378,539,168,161,27048,2022-10-21 11:52:24.505,2022-10-21 11:52:24.879,0.374,medium,medium,0 days 00:12:13.505000,0 days 00:12:13.879000,732.692,734.692
642,309,565,373,256,95488,2022-10-21 11:52:41.652,2022-10-21 11:52:42.425,0.773,large,large,0 days 00:12:30.652000,0 days 00:12:31.425000,750.0385,752.0385
643,327,497,196,170,33320,2022-10-21 11:52:55.880,2022-10-21 11:52:56.360,0.48,medium,medium,0 days 00:12:44.880000,0 days 00:12:45.360000,764.12,766.12
644,351,519,144,168,24192,2022-10-21 11:53:27.427,2022-10-21 11:53:27.761,0.334,medium,medium,0 days 00:13:16.427000,0 days 00:13:16.761000,795.594,797.594
645,365,537,165,172,28380,2022-10-21 11:53:39.761,2022-10-21 11:53:40.161,0.4,medium,medium_big,0 days 00:13:28.761000,0 days 00:13:29.161000,807.961,809.961
646,351,524,145,173,25085,2022-10-21 11:53:43.321,2022-10-21 11:53:43.681,0.36,medium,medium_big,0 days 00:13:32.321000,0 days 00:13:32.681000,811.501,813.501
647,114,268,144,154,22176,2022-10-21 11:53:52.962,2022-10-21 11:53:53.202,0.24,medium,medium_small,0 days 00:13:41.962000,0 days 00:13:42.202000,821.082,823.082
648,49,297,180,248,44640,2022-10-21 11:54:33.203,2022-10-21 11:54:34.176,0.973,large,large,0 days 00:14:22.203000,0 days 00:14:23.176000,861.6895,863.6895
649,384,567,163,183,29829,2022-10-21 11:54:35.496,2022-10-21 11:54:35.843,0.347,medium,medium_big,0 days 00:14:24.496000,0 days 00:14:24.843000,863.6695,865.6695
650,100,273,164,173,28372,2022-10-21 11:54:36.083,2022-10-21 11:54:36.403,0.32,medium,medium_big,0 days 00:14:25.083000,0 days 00:14:25.403000,864.2429999999999,866.2429999999999
651,426,578,144,152,21888,2022-10-21 11:54:49.830,2022-10-21 11:54:50.164,0.334,medium,medium_small,0 days 00:14:38.830000,0 days 00:14:39.164000,877.9970000000001,879.9970000000001
652,103,263,155,160,24800,2022-10-21 11:54:52.284,2022-10-21 11:54:52.630,0.346,medium,medium_small,0 days 00:14:41.284000,0 days 00:14:41.630000,880.457,882.457
653,91,256,148,165,24420,2022-10-21 11:55:22.058,2022-10-21 11:55:22.405,0.347,medium,medium,0 days 00:15:11.058000,0 days 00:15:11.405000,910.2315,912.2315
654,53,295,332,242,80344,2022-10-21 11:55:46.538,2022-10-21 11:55:47.698,1.16,large,large,0 days 00:15:35.538000,0 days 00:15:36.698000,935.1179999999999,937.1179999999999
655,385,551,146,166,24236,2022-10-21 11:55:48.246,2022-10-21 11:55:48.659,0.413,medium,medium,0 days 00:15:37.246000,0 days 00:15:37.659000,936.4525,938.4525
656,55,294,332,239,79348,2022-10-21 11:55:52.406,2022-10-21 11:55:53.846,1.44,large,large,0 days 00:15:41.406000,0 days 00:15:42.846000,941.126,943.126
657,211,379,143,168,24024,2022-10-21 11:55:55.099,2022-10-21 11:55:55.699,0.6,medium,medium,0 days 00:15:44.099000,0 days 00:15:44.699000,943.399,945.399
658,308,552,339,244,82716,2022-10-21 11:56:19.660,2022-10-21 11:56:21.647,1.987,large,large,0 days 00:16:08.660000,0 days 00:16:10.647000,968.6535,970.6535
659,381,541,152,160,24320,2022-10-21 11:56:26.513,2022-10-21 11:56:27.033,0.52,medium,medium_small,0 days 00:16:15.513000,0 days 00:16:16.033000,974.773,976.773
660,327,501,182,174,31668,2022-10-21 11:56:29.980,2022-10-21 11:56:30.473,0.493,medium,medium_big,0 days 00:16:18.980000,0 days 00:16:19.473000,978.2265,980.2265
661,119,334,325,215,69875,2022-10-21 11:57:30.862,2022-10-21 11:57:31.796,0.934,large,large,0 days 00:17:19.862000,0 days 00:17:20.796000,1039.3290000000002,1041.3290000000002
662,409,581,162,172,27864,2022-10-21 11:57:34.062,2022-10-21 11:57:34.462,0.4,medium,medium_big,0 days 00:17:23.062000,0 days 00:17:23.462000,1042.262,1044.262
663,381,553,149,172,25628,2022-10-21 11:57:36.156,2022-10-21 11:57:36.596,0.44,medium,medium_big,0 days 00:17:25.156000,0 days 00:17:25.596000,1044.376,1046.376
664,105,264,148,159,23532,2022-10-21 11:57:39.050,2022-10-21 11:57:39.342,0.292,medium,medium_small,0 days 00:17:28.050000,0 days 00:17:28.342000,1047.196,1049.196
665,367,521,145,154,22330,2022-10-21 11:58:18.544,2022-10-21 11:58:18.851,0.307,medium,medium_small,0 days 00:18:07.544000,0 days 00:18:07.851000,1086.6975000000002,1088.6975000000002
666,416,576,154,160,24640,2022-10-21 11:58:32.278,2022-10-21 11:58:32.692,0.414,medium,medium_small,0 days 00:18:21.278000,0 days 00:18:21.692000,1100.4850000000001,1102.4850000000001
667,59,302,337,243,81891,2022-10-21 11:58:34.638,2022-10-21 11:58:36.798,2.16,large,large,0 days 00:18:23.638000,0 days 00:18:25.798000,1103.7179999999998,1105.7179999999998
668,105,264,148,159,23532,2022-10-21 11:57:39.050,2022-10-21 11:57:39.342,0.292,medium,medium_small,0 days 00:17:28.050000,0 days 00:17:28.342000,1047.196,1049.196
669,367,521,145,154,22330,2022-10-21 11:58:18.544,2022-10-21 11:58:18.851,0.307,medium,medium_small,0 days 00:18:07.544000,0 days 00:18:07.851000,1086.6975000000002,1088.6975000000002
670,416,576,154,160,24640,2022-10-21 11:58:32.278,2022-10-21 11:58:32.692,0.414,medium,medium_small,0 days 00:18:21.278000,0 days 00:18:21.692000,1100.4850000000001,1102.4850000000001
671,59,302,337,243,81891,2022-10-21 11:58:34.638,2022-10-21 11:58:36.798,2.16,large,large,0 days 00:18:23.638000,0 days 00:18:25.798000,1103.7179999999998,1105.7179999999998
672,117,283,146,166,24236,2022-10-21 11:59:05.865,2022-10-21 11:59:06.265,0.4,medium,medium,0 days 00:18:54.865000,0 days 00:18:55.265000,1134.065,1136.065
673,313,572,432,259,111888,2022-10-21 11:59:17.613,2022-10-21 11:59:19.746,2.133,large,large,0 days 00:19:06.613000,0 days 00:19:08.746000,1146.6795000000002,1148.6795000000002
674,102,255,166,153,25398,2022-10-21 11:59:29.894,2022-10-21 11:59:30.226,0.332,medium,medium_small,0 days 00:19:18.894000,0 days 00:19:19.226000,1158.06,1160.06
675,384,549,165,165,27225,2022-10-21 11:59:34.734,2022-10-21 11:59:34.946,0.212,medium,medium,0 days 00:19:23.734000,0 days 00:19:23.946000,1162.84,1164.84
676,116,287,147,171,25137,2022-10-21 11:59:47.174,2022-10-21 11:59:47.547,0.373,medium,medium_big,0 days 00:19:36.174000,0 days 00:19:36.547000,1175.3605,1177.3605
677,101,272,145,171,24795,2022-10-21 11:59:56.227,2022-10-21 11:59:56.535,0.308,medium,medium_big,0 days 00:19:45.227000,0 days 00:19:45.535000,1184.381,1186.381
678,358,541,261,183,47763,2022-10-21 12:00:14.628,2022-10-21 12:00:15.135,0.507,medium,medium_big,0 days 00:20:03.628000,0 days 00:20:04.135000,1202.8815,1204.8815
679,59,317,363,258,93654,2022-10-21 12:00:55.989,2022-10-21 12:00:56.909,0.92,large,large,0 days 00:20:44.989000,0 days 00:20:45.909000,1244.449,1246.449
680,91,268,167,177,29559,2022-10-21 12:01:06.763,2022-10-21 12:01:07.123,0.36,medium,medium_big,0 days 00:20:55.763000,0 days 00:20:56.123000,1254.943,1256.943
681,107,266,143,159,22737,2022-10-21 12:01:11.083,2022-10-21 12:01:11.363,0.28,medium,medium_small,0 days 00:21:00.083000,0 days 00:21:00.363000,1259.223,1261.223
682,345,576,351,231,81081,2022-10-21 12:01:26.098,2022-10-21 12:01:27.298,1.2,large,large,0 days 00:21:15.098000,0 days 00:21:16.298000,1274.6979999999999,1276.6979999999999
683,70,228,156,158,24648,2022-10-21 12:01:28.298,2022-10-21 12:01:28.684,0.386,medium,medium_small,0 days 00:21:17.298000,0 days 00:21:17.684000,1276.491,1278.491
684,369,535,161,166,26726,2022-10-21 12:01:30.550,2022-10-21 12:01:30.964,0.414,medium,medium,0 days 00:21:19.550000,0 days 00:21:19.964000,1278.757,1280.757
685,389,550,146,161,23506,2022-10-21 12:02:27.820,2022-10-21 12:02:28.140,0.32,medium,medium,0 days 00:22:16.820000,0 days 00:22:17.140000,1335.98,1337.98
686,365,537,160,172,27520,2022-10-21 12:02:34.713,2022-10-21 12:02:35.166,0.453,medium,medium_big,0 days 00:22:23.713000,0 days 00:22:24.166000,1342.9395,1344.9395
687,77,233,150,156,23400,2022-10-21 12:02:34.926,2022-10-21 12:02:35.313,0.387,medium,medium_small,0 days 00:22:23.926000,0 days 00:22:24.313000,1343.1195,1345.1195
688,370,551,163,181,29503,2022-10-21 12:02:37.073,2022-10-21 12:02:37.486,0.413,medium,medium_big,0 days 00:22:26.073000,0 days 00:22:26.486000,1345.2795,1347.2795
689,78,252,142,174,24708,2022-10-21 12:02:57.393,2022-10-21 12:02:57.754,0.361,medium,medium_big,0 days 00:22:46.393000,0 days 00:22:46.754000,1365.5735,1367.5735
690,371,533,146,162,23652,2022-10-21 12:03:05.061,2022-10-21 12:03:05.487,0.426,medium,medium,0 days 00:22:54.061000,0 days 00:22:54.487000,1373.274,1375.274
691,360,522,169,162,27378,2022-10-21 12:03:07.941,2022-10-21 12:03:08.421,0.48,medium,medium,0 days 00:22:56.941000,0 days 00:22:57.421000,1376.181,1378.181
692,361,527,143,166,23738,2022-10-21 12:03:12.527,2022-10-21 12:03:12.902,0.375,medium,medium,0 days 00:23:01.527000,0 days 00:23:01.902000,1380.7145,1382.7145
693,85,243,149,158,23542,2022-10-21 12:03:17.222,2022-10-21 12:03:17.594,0.372,medium,medium_small,0 days 00:23:06.222000,0 days 00:23:06.594000,1385.408,1387.408
694,147,312,163,165,26895,2022-10-21 12:03:22.942,2022-10-21 12:03:23.422,0.48,medium,medium,0 days 00:23:11.942000,0 days 00:23:12.422000,1391.182,1393.182
695,93,263,147,170,24990,2022-10-21 12:03:48.263,2022-10-21 12:03:48.609,0.346,medium,medium,0 days 00:23:37.263000,0 days 00:23:37.609000,1416.436,1418.436
696,396,553,144,157,22608,2022-10-21 12:04:11.849,2022-10-21 12:04:12.236,0.387,medium,medium_small,0 days 00:24:00.849000,0 days 00:24:01.236000,1440.0425,1442.0425
697,83,249,170,166,28220,2022-10-21 12:04:12.116,2022-10-21 12:04:12.504,0.388,medium,medium,0 days 00:24:01.116000,0 days 00:24:01.504000,1440.31,1442.31
698,376,545,194,169,32786,2022-10-21 12:04:15.304,2022-10-21 12:04:15.704,0.4,medium,medium,0 days 00:24:04.304000,0 days 00:24:04.704000,1443.504,1445.504
699,97,272,151,175,26425,2022-10-21 12:04:20.464,2022-10-21 12:04:20.850,0.386,medium,medium_big,0 days 00:24:09.464000,0 days 00:24:09.850000,1448.657,1450.657
700,369,547,177,178,31506,2022-10-21 12:04:44.917,2022-10-21 12:04:45.345,0.428,medium,medium_big,0 days 00:24:33.917000,0 days 00:24:34.345000,1473.1309999999999,1475.1309999999999
701,75,243,156,168,26208,2022-10-21 12:04:49.105,2022-10-21 12:04:49.411,0.306,medium,medium,0 days 00:24:38.105000,0 days 00:24:38.411000,1477.258,1479.258
702,163,220,192,57,10944,2022-10-21 12:05:01.025,2022-10-21 12:05:01.171,0.146,small,small,0 days 00:24:50.025000,0 days 00:24:50.171000,1489.098,1491.098
703,260,513,410,253,103730,2022-10-21 12:05:25.812,2022-10-21 12:05:27.159,1.347,large,large,0 days 00:25:14.812000,0 days 00:25:16.159000,1514.4855,1516.4855
704,333,592,417,259,108003,2022-10-21 12:05:28.759,2022-10-21 12:05:32.559,3.8,large,large,0 days 00:25:17.759000,0 days 00:25:21.559000,1518.659,1520.659
705,79,251,195,172,33540,2022-10-21 12:05:35.159,2022-10-21 12:05:35.732,0.573,medium,medium_big,0 days 00:25:24.159000,0 days 00:25:24.732000,1523.4455,1525.4455
706,111,284,157,173,27161,2022-10-21 12:05:50.653,2022-10-21 12:05:51.027,0.374,medium,medium_big,0 days 00:25:39.653000,0 days 00:25:40.027000,1538.8400000000001,1540.8400000000001
707,373,546,185,173,32005,2022-10-21 12:06:25.041,2022-10-21 12:06:25.601,0.56,medium,medium_big,0 days 00:26:14.041000,0 days 00:26:14.601000,1573.321,1575.321
708,110,279,170,169,28730,2022-10-21 12:06:42.442,2022-10-21 12:06:42.829,0.387,medium,medium,0 days 00:26:31.442000,0 days 00:26:31.829000,1590.6354999999999,1592.6354999999999
709,280,541,422,261,110142,2022-10-21 12:06:47.362,2022-10-21 12:06:49.709,2.347,large,large,0 days 00:26:36.362000,0 days 00:26:38.709000,1596.5355,1598.5355
710,382,549,144,167,24048,2022-10-21 12:07:32.083,2022-10-21 12:07:32.591,0.508,medium,medium,0 days 00:27:21.083000,0 days 00:27:21.591000,1640.337,1642.337
711,93,277,261,184,48024,2022-10-21 12:07:41.097,2022-10-21 12:07:41.617,0.52,medium,medium_big,0 days 00:27:30.097000,0 days 00:27:30.617000,1649.357,1651.357
712,329,580,338,251,84838,2022-10-21 12:07:48.031,2022-10-21 12:07:49.924,1.893,large,large,0 days 00:27:37.031000,0 days 00:27:38.924000,1656.9775,1658.9775
713,371,531,149,160,23840,2022-10-21 12:07:54.737,2022-10-21 12:07:55.151,0.414,medium,medium_small,0 days 00:27:43.737000,0 days 00:27:44.151000,1662.944,1664.944
714,380,539,153,159,24327,2022-10-21 12:08:15.125,2022-10-21 12:08:15.618,0.493,medium,medium_small,0 days 00:28:04.125000,0 days 00:28:04.618000,1683.3715,1685.3715
715,105,276,196,171,33516,2022-10-21 12:08:17.992,2022-10-21 12:08:18.392,0.4,medium,medium_big,0 days 00:28:06.992000,0 days 00:28:07.392000,1686.192,1688.192
716,110,258,169,148,25012,2022-10-21 12:08:27.992,2022-10-21 12:08:28.285,0.293,medium,medium_small,0 days 00:28:16.992000,0 days 00:28:17.285000,1696.1385,1698.1385
717,73,317,338,244,82472,2022-10-21 12:09:08.967,2022-10-21 12:09:11.300,2.333,large,large,0 days 00:28:57.967000,0 days 00:29:00.300000,1738.1335,1740.1335
718,136,298,184,162,29808,2022-10-21 12:09:13.567,2022-10-21 12:09:14.007,0.44,medium,medium,0 days 00:29:02.567000,0 days 00:29:03.007000,1741.787,1743.787
719,124,277,155,153,23715,2022-10-21 12:09:17.754,2022-10-21 12:09:18.074,0.32,medium,medium_small,0 days 00:29:06.754000,0 days 00:29:07.074000,1745.914,1747.914
720,396,549,143,153,21879,2022-10-21 12:09:49.621,2022-10-21 12:09:49.981,0.36,medium,medium_small,0 days 00:29:38.621000,0 days 00:29:38.981000,1777.801,1779.801
721,385,543,146,158,23068,2022-10-21 12:09:56.716,2022-10-21 12:09:57.048,0.332,medium,medium_small,0 days 00:29:45.716000,0 days 00:29:46.048000,1784.882,1786.882
722,407,575,156,168,26208,2022-10-21 12:10:08.222,2022-10-21 12:10:08.556,0.334,medium,medium,0 days 00:29:57.222000,0 days 00:29:57.556000,1796.3890000000001,1798.3890000000001
723,153,413,425,260,110500,2022-10-21 12:10:22.969,2022-10-21 12:10:25.929,2.96,large,large,0 days 00:30:11.969000,0 days 00:30:14.929000,1812.449,1814.449
724,370,533,168,163,27384,2022-10-21 12:11:18.011,2022-10-21 12:11:18.505,0.494,medium,medium,0 days 00:31:07.011000,0 days 00:31:07.505000,1866.258,1868.258
725,360,533,163,173,28199,2022-10-21 12:11:20.239,2022-10-21 12:11:20.745,0.506,medium,medium_big,0 days 00:31:09.239000,0 days 00:31:09.745000,1868.492,1870.492
726,78,237,151,159,24009,2022-10-21 12:11:23.239,2022-10-21 12:11:23.559,0.32,medium,medium_small,0 days 00:31:12.239000,0 days 00:31:12.559000,1871.399,1873.399
727,385,559,166,174,28884,2022-10-21 12:11:24.519,2022-10-21 12:11:24.931,0.412,medium,medium_big,0 days 00:31:13.519000,0 days 00:31:13.931000,1872.725,1874.725
728,351,513,147,162,23814,2022-10-21 12:11:26.412,2022-10-21 12:11:26.772,0.36,medium,medium,0 days 00:31:15.412000,0 days 00:31:15.772000,1874.592,1876.592
729,278,429,145,151,21895,2022-10-21 12:11:42.880,2022-10-21 12:11:43.172,0.292,medium,medium_small,0 days 00:31:31.880000,0 days 00:31:32.172000,1891.026,1893.026
730,57,118,180,61,10980,2022-10-21 12:11:44.852,2022-10-21 12:11:45.012,0.16,small,small,0 days 00:31:33.852000,0 days 00:31:34.012000,1892.932,1894.932
731,40,307,431,267,115077,2022-10-21 12:11:50.306,2022-10-21 12:11:52.852,2.546,large,large,0 days 00:31:39.306000,0 days 00:31:41.852000,1899.5790000000002,1901.5790000000002
732,136,312,142,176,24992,2022-10-21 12:12:10.386,2022-10-21 12:12:10.720,0.334,medium,medium_big,0 days 00:31:59.386000,0 days 00:31:59.720000,1918.5529999999999,1920.5529999999999
733,367,527,147,160,23520,2022-10-21 12:12:32.774,2022-10-21 12:12:33.147,0.373,medium,medium_small,0 days 00:32:21.774000,0 days 00:32:22.147000,1940.9605,1942.9605
734,120,270,142,150,21300,2022-10-21 12:12:37.347,2022-10-21 12:12:37.694,0.347,medium,medium_small,0 days 00:32:26.347000,0 days 00:32:26.694000,1945.5205,1947.5205
735,380,538,155,158,24490,2022-10-21 12:14:07.765,2022-10-21 12:14:08.111,0.346,medium,medium_small,0 days 00:33:56.765000,0 days 00:33:57.111000,2035.938,2037.938
736,130,307,164,177,29028,2022-10-21 12:14:50.632,2022-10-21 12:14:50.979,0.347,medium,medium_big,0 days 00:34:39.632000,0 days 00:34:39.979000,2078.8055,2080.8055
737,105,258,138,153,21114,2022-10-21 12:14:52.939,2022-10-21 12:14:53.219,0.28,medium,medium_small,0 days 00:34:41.939000,0 days 00:34:42.219000,2081.0789999999997,2083.0789999999997
738,360,527,182,167,30394,2022-10-21 12:14:58.099,2022-10-21 12:14:58.499,0.4,medium,medium,0 days 00:34:47.099000,0 days 00:34:47.499000,2086.299,2088.299
739,392,554,144,162,23328,2022-10-21 12:15:06.273,2022-10-21 12:15:06.659,0.386,medium,medium,0 days 00:34:55.273000,0 days 00:34:55.659000,2094.4660000000003,2096.4660000000003
740,375,544,147,169,24843,2022-10-21 12:15:10.379,2022-10-21 12:15:10.779,0.4,medium,medium,0 days 00:34:59.379000,0 days 00:34:59.779000,2098.5789999999997,2100.5789999999997
741,144,317,165,173,28545,2022-10-21 12:16:08.369,2022-10-21 12:16:08.675,0.306,medium,medium_big,0 days 00:35:57.369000,0 days 00:35:57.675000,2156.522,2158.522
742,123,288,170,165,28050,2022-10-21 12:16:29.690,2022-10-21 12:16:30.090,0.4,medium,medium,0 days 00:36:18.690000,0 days 00:36:19.090000,2177.8900000000003,2179.8900000000003
743,112,279,162,167,27054,2022-10-21 12:16:47.050,2022-10-21 12:16:47.436,0.386,medium,medium,0 days 00:36:36.050000,0 days 00:36:36.436000,2195.2430000000004,2197.2430000000004
744,96,260,163,164,26732,2022-10-21 12:16:57.957,2022-10-21 12:16:58.383,0.426,medium,medium,0 days 00:36:46.957000,0 days 00:36:47.383000,2206.17,2208.17
745,357,544,248,187,46376,2022-10-21 12:17:35.078,2022-10-21 12:17:35.505,0.427,medium,medium_big,0 days 00:37:24.078000,0 days 00:37:24.505000,2243.2915000000003,2245.2915000000003
746,365,533,167,168,28056,2022-10-21 12:17:52.825,2022-10-21 12:17:53.173,0.348,medium,medium,0 days 00:37:41.825000,0 days 00:37:42.173000,2260.999,2262.999
747,159,326,200,167,33400,2022-10-21 12:18:22.160,2022-10-21 12:18:22.574,0.414,medium,medium,0 days 00:38:11.160000,0 days 00:38:11.574000,2290.367,2292.367
748,34,263,336,229,76944,2022-10-21 12:18:50.307,2022-10-21 12:18:52.615,2.308,large,large,0 days 00:38:39.307000,0 days 00:38:41.615000,2319.461,2321.461
749,366,598,338,232,78416,2022-10-21 12:18:51.015,2022-10-21 12:18:53.481,2.466,large,large,0 days 00:38:40.015000,0 days 00:38:42.481000,2320.248,2322.248
750,400,562,156,162,25272,2022-10-21 12:18:55.655,2022-10-21 12:18:56.135,0.48,medium,medium,0 days 00:38:44.655000,0 days 00:38:45.135000,2323.8950000000004,2325.8950000000004
751,74,239,144,165,23760,2022-10-21 12:18:56.507,2022-10-21 12:18:56.895,0.388,medium,medium,0 days 00:38:45.507000,0 days 00:38:45.895000,2324.701,2326.701
752,388,548,159,160,25440,2022-10-21 12:19:00.628,2022-10-21 12:19:01.068,0.44,medium,medium_small,0 days 00:38:49.628000,0 days 00:38:50.068000,2328.848,2330.848
753,88,261,197,173,34081,2022-10-21 12:19:06.361,2022-10-21 12:19:06.788,0.427,medium,medium_big,0 days 00:38:55.361000,0 days 00:38:55.788000,2334.5744999999997,2336.5744999999997
754,371,537,150,166,24900,2022-10-21 12:19:08.908,2022-10-21 12:19:09.508,0.6,medium,medium,0 days 00:38:57.908000,0 days 00:38:58.508000,2337.2079999999996,2339.2079999999996
755,391,560,159,169,26871,2022-10-21 12:19:11.961,2022-10-21 12:19:12.628,0.667,medium,medium,0 days 00:39:00.961000,0 days 00:39:01.628000,2340.2945,2342.2945
756,107,272,147,165,24255,2022-10-21 12:19:13.921,2022-10-21 12:19:14.148,0.227,medium,medium,0 days 00:39:02.921000,0 days 00:39:03.148000,2342.0344999999998,2344.0344999999998
757,396,561,154,165,25410,2022-10-21 12:19:14.096,2022-10-21 12:19:14.868,0.772,medium,medium,0 days 00:39:03.096000,0 days 00:39:03.868000,2342.482,2344.482
758,365,533,165,168,27720,2022-10-21 12:19:47.177,2022-10-21 12:19:47.563,0.386,medium,medium,0 days 00:39:36.177000,0 days 00:39:36.563000,2375.37,2377.37
759,82,128,172,46,7912,2022-10-21 12:19:51.523,2022-10-21 12:19:51.657,0.134,small,small,0 days 00:39:40.523000,0 days 00:39:40.657000,2379.59,2381.59
760,357,520,147,163,23961,2022-10-21 12:19:59.177,2022-10-21 12:19:59.603,0.426,medium,medium,0 days 00:39:48.177000,0 days 00:39:48.603000,2387.3900000000003,2389.3900000000003
761,317,493,151,176,26576,2022-10-21 12:20:09.070,2022-10-21 12:20:09.617,0.547,medium,medium_big,0 days 00:39:58.070000,0 days 00:39:58.617000,2397.3435,2399.3435
762,344,526,287,182,52234,2022-10-21 12:21:11.340,2022-10-21 12:21:11.980,0.64,medium,medium_big,0 days 00:41:00.340000,0 days 00:41:00.980000,2459.66,2461.66
763,317,590,427,273,116571,2022-10-21 12:21:26.246,2022-10-21 12:21:29.033,2.787,large,large,0 days 00:41:15.246000,0 days 00:41:18.033000,2475.6395,2477.6395
764,89,260,164,171,28044,2022-10-21 12:21:41.767,2022-10-21 12:21:42.233,0.466,medium,medium_big,0 days 00:41:30.767000,0 days 00:41:31.233000,2490.0,2492.0
765,389,548,160,159,25440,2022-10-21 12:21:46.327,2022-10-21 12:21:46.741,0.414,medium,medium_small,0 days 00:41:35.327000,0 days 00:41:35.741000,2494.534,2496.534
766,362,533,194,171,33174,2022-10-21 12:21:48.287,2022-10-21 12:21:48.767,0.48,medium,medium_big,0 days 00:41:37.287000,0 days 00:41:37.767000,2496.527,2498.527
767,374,541,168,167,28056,2022-10-21 12:22:15.168,2022-10-21 12:22:15.568,0.4,medium,medium,0 days 00:42:04.168000,0 days 00:42:04.568000,2523.3680000000004,2525.3680000000004
768,376,538,141,162,22842,2022-10-21 12:22:16.968,2022-10-21 12:22:17.355,0.387,medium,medium,0 days 00:42:05.968000,0 days 00:42:06.355000,2525.1615,2527.1615
769,350,519,165,169,27885,2022-10-21 12:22:19.102,2022-10-21 12:22:19.502,0.4,medium,medium,0 days 00:42:08.102000,0 days 00:42:08.502000,2527.3019999999997,2529.3019999999997
770,356,523,197,167,32899,2022-10-21 12:22:21.488,2022-10-21 12:22:21.942,0.454,medium,medium,0 days 00:42:10.488000,0 days 00:42:10.942000,2529.715,2531.715
771,97,269,157,172,27004,2022-10-21 12:22:55.503,2022-10-21 12:22:55.864,0.361,medium,medium_big,0 days 00:42:44.503000,0 days 00:42:44.864000,2563.6835,2565.6835
772,146,307,159,161,25599,2022-10-21 12:22:58.223,2022-10-21 12:22:58.623,0.4,medium,medium,0 days 00:42:47.223000,0 days 00:42:47.623000,2566.423,2568.423
773,114,279,167,165,27555,2022-10-21 12:23:04.104,2022-10-21 12:23:04.504,0.4,medium,medium,0 days 00:42:53.104000,0 days 00:42:53.504000,2572.304,2574.304
774,375,542,165,167,27555,2022-10-21 12:23:21.424,2022-10-21 12:23:21.784,0.36,medium,medium,0 days 00:43:10.424000,0 days 00:43:10.784000,2589.6040000000003,2591.6040000000003
775,75,250,169,175,29575,2022-10-21 12:23:21.610,2022-10-21 12:23:21.970,0.36,medium,medium_big,0 days 00:43:10.610000,0 days 00:43:10.970000,2589.79,2591.79
776,341,503,156,162,25272,2022-10-21 12:24:04.826,2022-10-21 12:24:05.226,0.4,medium,medium,0 days 00:43:53.826000,0 days 00:43:54.226000,2633.026,2635.026
777,105,265,181,160,28960,2022-10-21 12:24:19.186,2022-10-21 12:24:19.559,0.373,medium,medium_small,0 days 00:44:08.186000,0 days 00:44:08.559000,2647.3725000000004,2649.3725000000004
778,332,577,339,245,83055,2022-10-21 12:24:49.080,2022-10-21 12:24:51.162,2.082,large,large,0 days 00:44:38.080000,0 days 00:44:40.162000,2678.121,2680.121
779,381,539,157,158,24806,2022-10-21 12:25:32.055,2022-10-21 12:25:32.455,0.4,medium,medium_small,0 days 00:45:21.055000,0 days 00:45:21.455000,2720.255,2722.255
780,83,253,160,170,27200,2022-10-21 12:25:33.229,2022-10-21 12:25:33.562,0.333,medium,medium,0 days 00:45:22.229000,0 days 00:45:22.562000,2721.3954999999996,2723.3954999999996
781,91,326,333,235,78255,2022-10-21 12:25:39.002,2022-10-21 12:25:40.202,1.2,large,large,0 days 00:45:28.002000,0 days 00:45:29.202000,2727.602,2729.602
782,381,537,147,156,22932,2022-10-21 12:25:46.029,2022-10-21 12:25:46.349,0.32,medium,medium_small,0 days 00:45:35.029000,0 days 00:45:35.349000,2734.1890000000003,2736.1890000000003
783,98,256,162,158,25596,2022-10-21 12:25:52.670,2022-10-21 12:25:52.976,0.306,medium,medium_small,0 days 00:45:41.670000,0 days 00:45:41.976000,2740.8230000000003,2742.8230000000003
784,385,558,165,173,28545,2022-10-21 12:26:08.310,2022-10-21 12:26:08.603,0.293,medium,medium_big,0 days 00:45:57.310000,0 days 00:45:57.603000,2756.4565000000002,2758.4565000000002
785,351,532,168,181,30408,2022-10-21 12:26:23.391,2022-10-21 12:26:23.791,0.4,medium,medium_big,0 days 00:46:12.391000,0 days 00:46:12.791000,2771.5910000000003,2773.5910000000003
786,107,265,162,158,25596,2022-10-21 12:26:43.644,2022-10-21 12:26:43.952,0.308,medium,medium_small,0 days 00:46:32.644000,0 days 00:46:32.952000,2791.798,2793.798
787,372,543,146,171,24966,2022-10-21 12:26:48.058,2022-10-21 12:26:48.418,0.36,medium,medium_big,0 days 00:46:37.058000,0 days 00:46:37.418000,2796.2380000000003,2798.2380000000003
788,365,523,169,158,26702,2022-10-21 12:26:53.472,2022-10-21 12:26:54.058,0.586,medium,medium_small,0 days 00:46:42.472000,0 days 00:46:43.058000,2801.7650000000003,2803.7650000000003
789,99,356,414,257,106398,2022-10-21 12:27:17.819,2022-10-21 12:27:19.592,1.773,large,large,0 days 00:47:06.819000,0 days 00:47:08.592000,2826.7055,2828.7055
790,111,273,141,162,22842,2022-10-21 12:27:22.565,2022-10-21 12:27:22.939,0.374,medium,medium,0 days 00:47:11.565000,0 days 00:47:11.939000,2830.752,2832.752
791,90,323,352,233,82016,2022-10-21 12:27:27.646,2022-10-21 12:27:28.859,1.213,large,large,0 days 00:47:16.646000,0 days 00:47:17.859000,2836.2525,2838.2525
792,491,553,171,62,10602,2022-10-21 12:27:31.179,2022-10-21 12:27:31.286,0.107,small,small,0 days 00:47:20.179000,0 days 00:47:20.286000,2839.2325,2841.2325
793,197,371,151,174,26274,2022-10-21 12:27:47.620,2022-10-21 12:27:48.220,0.6,medium,medium_big,0 days 00:47:36.620000,0 days 00:47:37.220000,2855.92,2857.92
794,152,223,163,71,11573,2022-10-21 12:28:19.808,2022-10-21 12:28:19.888,0.08,small,small,0 days 00:48:08.808000,0 days 00:48:08.888000,2887.848,2889.848
795,102,267,161,165,26565,2022-10-21 12:28:52.382,2022-10-21 12:28:52.716,0.334,medium,medium,0 days 00:48:41.382000,0 days 00:48:41.716000,2920.549,2922.549
796,401,568,145,167,24215,2022-10-21 12:28:54.756,2022-10-21 12:28:55.142,0.386,medium,medium,0 days 00:48:43.756000,0 days 00:48:44.142000,2922.9489999999996,2924.9489999999996
797,115,285,192,170,32640,2022-10-21 12:28:58.222,2022-10-21 12:28:58.649,0.427,medium,medium,0 days 00:48:47.222000,0 days 00:48:47.649000,2926.4355,2928.4355
798,395,569,195,174,33930,2022-10-21 12:30:14.039,2022-10-21 12:30:14.399,0.36,medium,medium_big,0 days 00:50:03.039000,0 days 00:50:03.399000,3002.219,3004.219
799,384,548,169,164,27716,2022-10-21 12:30:19.385,2022-10-21 12:30:19.772,0.387,medium,medium,0 days 00:50:08.385000,0 days 00:50:08.772000,3007.5785,3009.5785
800,364,525,162,161,26082,2022-10-21 12:30:30.345,2022-10-21 12:30:30.826,0.481,medium,medium,0 days 00:50:19.345000,0 days 00:50:19.826000,3018.5855,3020.5855
801,366,528,149,162,24138,2022-10-21 12:30:32.706,2022-10-21 12:30:33.306,0.6,medium,medium,0 days 00:50:21.706000,0 days 00:50:22.306000,3021.0060000000003,3023.0060000000003
802,204,380,151,176,26576,2022-10-21 12:31:07.827,2022-10-21 12:31:08.213,0.386,medium,medium_big,0 days 00:50:56.827000,0 days 00:50:57.213000,3056.0200000000004,3058.0200000000004
803,395,566,188,171,32148,2022-10-21 12:31:26.587,2022-10-21 12:31:27.094,0.507,medium,medium_big,0 days 00:51:15.587000,0 days 00:51:16.094000,3074.8405000000002,3076.8405000000002
804,42,285,336,243,81648,2022-10-21 12:31:25.402,2022-10-21 12:31:28.188,2.786,large,large,0 days 00:51:14.402000,0 days 00:51:17.188000,3074.795,3076.795
805,95,259,154,164,25256,2022-10-21 12:31:29.962,2022-10-21 12:31:30.468,0.506,medium,medium,0 days 00:51:18.962000,0 days 00:51:19.468000,3078.215,3080.215
806,126,303,146,177,25842,2022-10-21 12:31:56.803,2022-10-21 12:31:57.203,0.4,medium,medium_big,0 days 00:51:45.803000,0 days 00:51:46.203000,3105.0029999999997,3107.0029999999997
807,398,462,172,64,11008,2022-10-21 12:32:05.109,2022-10-21 12:32:05.229,0.12,small,small,0 days 00:51:54.109000,0 days 00:51:54.229000,3113.169,3115.169
808,356,510,161,154,24794,2022-10-21 12:32:06.883,2022-10-21 12:32:07.243,0.36,medium,medium_small,0 days 00:51:55.883000,0 days 00:51:56.243000,3115.063,3117.063
809,371,525,160,154,24640,2022-10-21 12:32:08.509,2022-10-21 12:32:08.869,0.36,medium,medium_small,0 days 00:51:57.509000,0 days 00:51:57.869000,3116.6890000000003,3118.6890000000003
810,360,524,171,164,28044,2022-10-21 12:33:03.551,2022-10-21 12:33:03.951,0.4,medium,medium,0 days 00:52:52.551000,0 days 00:52:52.951000,3171.751,3173.751
811,93,249,147,156,22932,2022-10-21 12:33:04.005,2022-10-21 12:33:04.418,0.413,medium,medium_small,0 days 00:52:53.005000,0 days 00:52:53.418000,3172.2115000000003,3174.2115000000003
812,379,542,179,163,29177,2022-10-21 12:33:07.431,2022-10-21 12:33:07.925,0.494,medium,medium,0 days 00:52:56.431000,0 days 00:52:56.925000,3175.678,3177.678
813,376,541,164,165,27060,2022-10-21 12:33:30.806,2022-10-21 12:33:31.126,0.32,medium,medium,0 days 00:53:19.806000,0 days 00:53:20.126000,3198.9660000000003,3200.9660000000003
814,84,257,189,173,32697,2022-10-21 12:33:31.179,2022-10-21 12:33:31.512,0.333,medium,medium_big,0 days 00:53:20.179000,0 days 00:53:20.512000,3199.3455000000004,3201.3455000000004
815,380,548,165,168,27720,2022-10-21 12:33:39.059,2022-10-21 12:33:39.392,0.333,medium,medium,0 days 00:53:28.059000,0 days 00:53:28.392000,3207.2255,3209.2255
816,79,341,418,262,109516,2022-10-21 12:34:21.620,2022-10-21 12:34:24.688,3.068,large,large,0 days 00:54:10.620000,0 days 00:54:13.688000,3251.154,3253.154
817,382,546,181,164,29684,2022-10-21 12:34:29.808,2022-10-21 12:34:30.301,0.493,medium,medium,0 days 00:54:18.808000,0 days 00:54:19.301000,3258.0545,3260.0545
818,168,331,163,163,26569,2022-10-21 12:34:55.021,2022-10-21 12:34:55.289,0.268,medium,medium,0 days 00:54:44.021000,0 days 00:54:44.289000,3283.155,3285.155
819,111,267,146,156,22776,2022-10-21 12:35:07.169,2022-10-21 12:35:07.515,0.346,medium,medium_small,0 days 00:54:56.169000,0 days 00:54:56.515000,3295.3419999999996,3297.3419999999996
820,371,541,145,170,24650,2022-10-21 12:35:17.970,2022-10-21 12:35:18.290,0.32,medium,medium,0 days 00:55:06.970000,0 days 00:55:07.290000,3306.13,3308.13
821,94,263,158,169,26702,2022-10-21 12:36:08.932,2022-10-21 12:36:09.318,0.386,medium,medium,0 days 00:55:57.932000,0 days 00:55:58.318000,3357.125,3359.125
822,107,263,145,156,22620,2022-10-21 12:36:17.465,2022-10-21 12:36:17.825,0.36,medium,medium_small,0 days 00:56:06.465000,0 days 00:56:06.825000,3365.645,3367.645
823,96,268,148,172,25456,2022-10-21 12:36:36.413,2022-10-21 12:36:36.919,0.506,medium,medium_big,0 days 00:56:25.413000,0 days 00:56:25.919000,3384.666,3386.666
824,147,317,165,170,28050,2022-10-21 12:36:38.813,2022-10-21 12:36:39.305,0.492,medium,medium,0 days 00:56:27.813000,0 days 00:56:28.305000,3387.059,3389.059
825,518,581,158,63,9954,2022-10-21 12:36:48.945,2022-10-21 12:36:49.145,0.2,small,small,0 days 00:56:37.945000,0 days 00:56:38.145000,3397.045,3399.045
826,109,269,160,160,25600,2022-10-21 12:36:54.066,2022-10-21 12:36:54.453,0.387,medium,medium_small,0 days 00:56:43.066000,0 days 00:56:43.453000,3402.2595,3404.2595
827,143,312,170,169,28730,2022-10-21 12:37:01.346,2022-10-21 12:37:01.866,0.52,medium,medium,0 days 00:56:50.346000,0 days 00:56:50.866000,3409.6059999999998,3411.6059999999998
828,112,293,156,181,28236,2022-10-21 12:37:07.106,2022-10-21 12:37:07.574,0.468,medium,medium_big,0 days 00:56:56.106000,0 days 00:56:56.574000,3415.34,3417.34
829,114,279,166,165,27390,2022-10-21 12:37:29.440,2022-10-21 12:37:29.840,0.4,medium,medium,0 days 00:57:18.440000,0 days 00:57:18.840000,3437.6400000000003,3439.6400000000003
830,93,273,286,180,51480,2022-10-21 12:37:33.281,2022-10-21 12:37:33.867,0.586,medium,medium_big,0 days 00:57:22.281000,0 days 00:57:22.867000,3441.574,3443.574
831,391,574,199,183,36417,2022-10-21 12:37:50.388,2022-10-21 12:37:50.868,0.48,medium,medium_big,0 days 00:57:39.388000,0 days 00:57:39.868000,3458.6279999999997,3460.6279999999997
832,54,296,337,242,81554,2022-10-21 12:37:50.788,2022-10-21 12:37:53.175,2.387,large,large,0 days 00:57:39.788000,0 days 00:57:42.175000,3459.9815,3461.9815
833,109,269,148,160,23680,2022-10-21 12:38:24.789,2022-10-21 12:38:25.162,0.373,medium,medium_small,0 days 00:58:13.789000,0 days 00:58:14.162000,3492.9755,3494.9755
834,432,493,165,61,10065,2022-10-21 12:38:31.737,2022-10-21 12:38:31.857,0.12,small,small,0 days 00:58:20.737000,0 days 00:58:20.857000,3499.797,3501.797
835,364,537,192,173,33216,2022-10-21 12:39:13.404,2022-10-21 12:39:13.871,0.467,medium,medium_big,0 days 00:59:02.404000,0 days 00:59:02.871000,3541.6375,3543.6375
836,314,559,338,245,82810,2022-10-21 12:39:24.618,2022-10-21 12:39:26.739,2.121,large,large,0 days 00:59:13.618000,0 days 00:59:15.739000,3553.6785,3555.6785
837,90,273,166,183,30378,2022-10-21 12:39:32.991,2022-10-21 12:39:33.365,0.374,medium,medium_big,0 days 00:59:21.991000,0 days 00:59:22.365000,3561.178,3563.178
838,406,570,190,164,31160,2022-10-21 12:39:34.899,2022-10-21 12:39:35.299,0.4,medium,medium,0 days 00:59:23.899000,0 days 00:59:24.299000,3563.099,3565.099
839,98,267,149,169,25181,2022-10-21 12:39:44.672,2022-10-21 12:39:45.099,0.427,medium,medium,0 days 00:59:33.672000,0 days 00:59:34.099000,3572.8855000000003,3574.8855000000003
840,110,261,159,151,24009,2022-10-21 12:39:56.820,2022-10-21 12:39:57.165,0.345,medium,medium_small,0 days 00:59:45.820000,0 days 00:59:46.165000,3584.9925000000003,3586.9925000000003
841,85,254,148,169,25012,2022-10-21 12:40:13.820,2022-10-21 12:40:14.193,0.373,medium,medium,0 days 01:00:02.820000,0 days 01:00:03.193000,3602.0065000000004,3604.0065000000004
842,366,527,143,161,23023,2022-10-21 12:40:25.886,2022-10-21 12:40:26.127,0.241,medium,medium,0 days 01:00:14.886000,0 days 01:00:15.127000,3614.0065,3616.0065
843,105,273,156,168,26208,2022-10-21 12:40:49.462,2022-10-21 12:40:49.821,0.359,medium,medium,0 days 01:00:38.462000,0 days 01:00:38.821000,3637.6414999999997,3639.6414999999997
844,90,254,152,164,24928,2022-10-21 12:41:12.822,2022-10-21 12:41:13.142,0.32,medium,medium,0 days 01:01:01.822000,0 days 01:01:02.142000,3660.982,3662.982
845,380,538,157,158,24806,2022-10-21 12:41:29.716,2022-10-21 12:41:30.036,0.32,medium,medium_small,0 days 01:01:18.716000,0 days 01:01:19.036000,3677.876,3679.876
846,71,233,180,162,29160,2022-10-21 12:41:44.664,2022-10-21 12:41:45.090,0.426,medium,medium,0 days 01:01:33.664000,0 days 01:01:34.090000,3692.8770000000004,3694.8770000000004
847,383,539,149,156,23244,2022-10-21 12:41:45.770,2022-10-21 12:41:46.104,0.334,medium,medium_small,0 days 01:01:34.770000,0 days 01:01:35.104000,3693.937,3695.937
848,370,542,180,172,30960,2022-10-21 12:41:59.090,2022-10-21 12:41:59.757,0.667,medium,medium_big,0 days 01:01:48.090000,0 days 01:01:48.757000,3707.4235,3709.4235
849,80,233,150,153,22950,2022-10-21 12:42:00.104,2022-10-21 12:42:00.517,0.413,medium,medium_small,0 days 01:01:49.104000,0 days 01:01:49.517000,3708.3104999999996,3710.3104999999996
850,337,578,251,241,60491,2022-10-21 12:41:59.930,2022-10-21 12:42:01.050,1.12,large,large,0 days 01:01:48.930000,0 days 01:01:50.050000,3708.49,3710.49
851,84,246,170,162,27540,2022-10-21 12:42:16.277,2022-10-21 12:42:16.610,0.333,medium,medium,0 days 01:02:05.277000,0 days 01:02:05.610000,3724.4435000000003,3726.4435000000003
852,80,243,153,163,24939,2022-10-21 12:42:25.625,2022-10-21 12:42:26.011,0.386,medium,medium,0 days 01:02:14.625000,0 days 01:02:15.011000,3733.818,3735.818
853,364,540,199,176,35024,2022-10-21 12:42:30.331,2022-10-21 12:42:30.785,0.454,medium,medium_big,0 days 01:02:19.331000,0 days 01:02:19.785000,3738.558,3740.558
854,367,530,147,163,23961,2022-10-21 12:43:33.760,2022-10-21 12:43:34.120,0.36,medium,medium,0 days 01:03:22.760000,0 days 01:03:23.120000,3801.94,3803.94
855,350,512,181,162,29322,2022-10-21 12:44:02.001,2022-10-21 12:44:02.401,0.4,medium,medium,0 days 01:03:51.001000,0 days 01:03:51.401000,3830.201,3832.201
856,110,277,196,167,32732,2022-10-21 12:44:45.456,2022-10-21 12:44:45.910,0.454,medium,medium,0 days 01:04:34.456000,0 days 01:04:34.910000,3873.683,3875.683
857,101,268,161,167,26887,2022-10-21 12:44:46.496,2022-10-21 12:44:46.896,0.4,medium,medium,0 days 01:04:35.496000,0 days 01:04:35.896000,3874.696,3876.696
858,386,552,146,166,24236,2022-10-21 12:44:48.616,2022-10-21 12:44:48.976,0.36,medium,medium,0 days 01:04:37.616000,0 days 01:04:37.976000,3876.7960000000003,3878.7960000000003
859,97,269,167,172,28724,2022-10-21 12:44:50.136,2022-10-21 12:44:50.563,0.427,medium,medium_big,0 days 01:04:39.136000,0 days 01:04:39.563000,3878.3495000000003,3880.3495000000003
860,148,379,333,231,76923,2022-10-21 12:45:18.697,2022-10-21 12:45:19.991,1.294,large,large,0 days 01:05:07.697000,0 days 01:05:08.991000,3907.344,3909.344
861,124,283,160,159,25440,2022-10-21 12:45:53.712,2022-10-21 12:45:54.018,0.306,medium,medium_small,0 days 01:05:42.712000,0 days 01:05:43.018000,3941.865,3943.865
862,90,252,188,162,30456,2022-10-21 12:45:57.045,2022-10-21 12:45:57.432,0.387,medium,medium,0 days 01:05:46.045000,0 days 01:05:46.432000,3945.2385,3947.2385
863,117,289,168,172,28896,2022-10-21 12:45:58.965,2022-10-21 12:45:59.379,0.414,medium,medium_big,0 days 01:05:47.965000,0 days 01:05:48.379000,3947.172,3949.172
864,353,609,411,256,105216,2022-10-21 12:46:18.939,2022-10-21 12:46:20.499,1.56,large,large,0 days 01:06:07.939000,0 days 01:06:09.499000,3967.719,3969.719
865,354,512,161,158,25438,2022-10-21 12:46:23.713,2022-10-21 12:46:24.233,0.52,medium,medium_small,0 days 01:06:12.713000,0 days 01:06:13.233000,3971.973,3973.973
866,362,529,202,167,33734,2022-10-21 12:46:27.446,2022-10-21 12:46:28.034,0.588,medium,medium,0 days 01:06:16.446000,0 days 01:06:17.034000,3975.74,3977.74
867,97,263,165,166,27390,2022-10-21 12:46:50.580,2022-10-21 12:46:51.020,0.44,medium,medium,0 days 01:06:39.580000,0 days 01:06:40.020000,3998.8,4000.8
868,102,274,149,172,25628,2022-10-21 12:46:54.487,2022-10-21 12:46:54.847,0.36,medium,medium_big,0 days 01:06:43.487000,0 days 01:06:43.847000,4002.6670000000004,4004.6670000000004
869,407,571,145,164,23780,2022-10-21 12:47:08.448,2022-10-21 12:47:08.835,0.387,medium,medium,0 days 01:06:57.448000,0 days 01:06:57.835000,4016.6414999999997,4018.6414999999997
870,75,245,163,170,27710,2022-10-21 12:47:15.061,2022-10-21 12:47:15.408,0.347,medium,medium,0 days 01:07:04.061000,0 days 01:07:04.408000,4023.2345,4025.2345
871,372,543,218,171,37278,2022-10-21 12:47:18.261,2022-10-21 12:47:18.861,0.6,medium,medium_big,0 days 01:07:07.261000,0 days 01:07:07.861000,4026.5609999999997,4028.5609999999997
872,386,539,147,153,22491,2022-10-21 12:47:20.728,2022-10-21 12:47:21.208,0.48,medium,medium_small,0 days 01:07:09.728000,0 days 01:07:10.208000,4028.968,4030.968
873,361,547,163,186,30318,2022-10-21 12:47:25.848,2022-10-21 12:47:26.302,0.454,medium,medium_big,0 days 01:07:14.848000,0 days 01:07:15.302000,4034.075,4036.075
874,341,516,192,175,33600,2022-10-21 12:47:58.289,2022-10-21 12:47:58.690,0.401,medium,medium_big,0 days 01:07:47.289000,0 days 01:07:47.690000,4066.4895,4068.4895
875,396,559,165,163,26895,2022-10-21 12:48:12.170,2022-10-21 12:48:12.477,0.307,medium,medium,0 days 01:08:01.170000,0 days 01:08:01.477000,4080.3235,4082.3235
876,405,559,149,154,22946,2022-10-21 12:48:29.278,2022-10-21 12:48:29.611,0.333,medium,medium_small,0 days 01:08:18.278000,0 days 01:08:18.611000,4097.4445,4099.4445
877,68,259,254,191,48514,2022-10-21 12:48:29.424,2022-10-21 12:48:29.918,0.494,medium,medium_big,0 days 01:08:18.424000,0 days 01:08:18.918000,4097.671,4099.671
878,393,560,148,167,24716,2022-10-21 12:48:39.824,2022-10-21 12:48:40.224,0.4,medium,medium,0 days 01:08:28.824000,0 days 01:08:29.224000,4108.023999999999,4110.023999999999
879,364,520,163,156,25428,2022-10-21 12:48:42.824,2022-10-21 12:48:43.118,0.294,medium,medium_small,0 days 01:08:31.824000,0 days 01:08:32.118000,4110.971,4112.971
880,392,539,143,147,21021,2022-10-21 12:48:49.811,2022-10-21 12:48:50.119,0.308,medium,medium_small,0 days 01:08:38.811000,0 days 01:08:39.119000,4117.965,4119.965
881,109,346,337,237,79869,2022-10-21 12:49:15.532,2022-10-21 12:49:18.026,2.494,large,large,0 days 01:09:04.532000,0 days 01:09:07.026000,4144.779,4146.779
882,114,274,182,160,29120,2022-10-21 12:49:20.972,2022-10-21 12:49:21.400,0.428,medium,medium_small,0 days 01:09:09.972000,0 days 01:09:10.400000,4149.186,4151.186
883,83,243,156,160,24960,2022-10-21 12:49:22.720,2022-10-21 12:49:23.160,0.44,medium,medium_small,0 days 01:09:11.720000,0 days 01:09:12.160000,4150.9400000000005,4152.9400000000005
884,116,283,152,167,25384,2022-10-21 12:49:25.906,2022-10-21 12:49:26.346,0.44,medium,medium,0 days 01:09:14.906000,0 days 01:09:15.346000,4154.126,4156.126
885,356,528,169,172,29068,2022-10-21 12:49:35.280,2022-10-21 12:49:35.786,0.506,medium,medium_big,0 days 01:09:24.280000,0 days 01:09:24.786000,4163.532999999999,4165.532999999999
886,366,531,145,165,23925,2022-10-21 12:49:38.200,2022-10-21 12:49:38.653,0.453,medium,medium,0 days 01:09:27.200000,0 days 01:09:27.653000,4166.4265,4168.4265
887,386,553,184,167,30728,2022-10-21 12:49:44.267,2022-10-21 12:49:44.653,0.386,medium,medium,0 days 01:09:33.267000,0 days 01:09:33.653000,4172.46,4174.46
888,165,327,148,162,23976,2022-10-21 12:50:13.682,2022-10-21 12:50:14.174,0.492,medium,medium,0 days 01:10:02.682000,0 days 01:10:03.174000,4201.928,4203.928
889,365,527,144,162,23328,2022-10-21 12:50:38.243,2022-10-21 12:50:38.629,0.386,medium,medium,0 days 01:10:27.243000,0 days 01:10:27.629000,4226.436,4228.436
890,355,607,339,252,85428,2022-10-21 12:50:45.443,2022-10-21 12:50:47.576,2.133,large,large,0 days 01:10:34.443000,0 days 01:10:36.576000,4234.5095,4236.5095
891,347,508,151,161,24311,2022-10-21 12:50:58.536,2022-10-21 12:50:58.936,0.4,medium,medium,0 days 01:10:47.536000,0 days 01:10:47.936000,4246.736,4248.736
892,360,537,162,177,28674,2022-10-21 12:51:00.483,2022-10-21 12:51:00.976,0.493,medium,medium_big,0 days 01:10:49.483000,0 days 01:10:49.976000,4248.7294999999995,4250.7294999999995
893,381,534,143,153,21879,2022-10-21 12:51:07.043,2022-10-21 12:51:07.456,0.413,medium,medium_small,0 days 01:10:56.043000,0 days 01:10:56.456000,4255.2495,4257.2495
894,96,268,167,172,28724,2022-10-21 12:51:20.004,2022-10-21 12:51:20.390,0.386,medium,medium_big,0 days 01:11:09.004000,0 days 01:11:09.390000,4268.197,4270.197
895,92,247,177,155,27435,2022-10-21 12:51:27.950,2022-10-21 12:51:28.337,0.387,medium,medium_small,0 days 01:11:16.950000,0 days 01:11:17.337000,4276.1435,4278.1435
896,89,254,155,165,25575,2022-10-21 12:51:51.125,2022-10-21 12:51:51.458,0.333,medium,medium,0 days 01:11:40.125000,0 days 01:11:40.458000,4299.291499999999,4301.291499999999
897,117,268,148,151,22348,2022-10-21 12:52:12.046,2022-10-21 12:52:12.299,0.253,medium,medium_small,0 days 01:12:01.046000,0 days 01:12:01.299000,4320.172500000001,4322.172500000001
898,121,293,143,172,24596,2022-10-21 12:52:14.406,2022-10-21 12:52:14.738,0.332,medium,medium_big,0 days 01:12:03.406000,0 days 01:12:03.738000,4322.572,4324.572
899,457,507,165,50,8250,2022-10-21 12:52:51.887,2022-10-21 12:52:51.953,0.066,small,small,0 days 01:12:40.887000,0 days 01:12:40.953000,4359.92,4361.92
900,125,294,205,169,34645,2022-10-21 12:53:10.020,2022-10-21 12:53:10.368,0.348,medium,medium,0 days 01:12:59.020000,0 days 01:12:59.368000,4378.194,4380.194
901,335,588,340,253,86020,2022-10-21 12:53:37.529,2022-10-21 12:53:39.315,1.786,large,large,0 days 01:13:26.529000,0 days 01:13:28.315000,4406.4220000000005,4408.4220000000005
902,346,532,161,186,29946,2022-10-21 12:53:50.422,2022-10-21 12:53:50.875,0.453,medium,medium_big,0 days 01:13:39.422000,0 days 01:13:39.875000,4418.648499999999,4420.648499999999
903,121,289,165,168,27720,2022-10-21 12:54:02.756,2022-10-21 12:54:03.036,0.28,medium,medium,0 days 01:13:51.756000,0 days 01:13:52.036000,4430.896000000001,4432.896000000001
904,100,278,140,178,24920,2022-10-21 12:54:06.956,2022-10-21 12:54:07.383,0.427,medium,medium_big,0 days 01:13:55.956000,0 days 01:13:56.383000,4435.1695,4437.1695
905,61,301,332,240,79680,2022-10-21 12:54:26.131,2022-10-21 12:54:26.971,0.84,large,large,0 days 01:14:15.131000,0 days 01:14:15.971000,4454.5509999999995,4456.5509999999995
906,110,278,144,168,24192,2022-10-21 12:54:48.744,2022-10-21 12:54:49.077,0.333,medium,medium,0 days 01:14:37.744000,0 days 01:14:38.077000,4476.9105,4478.9105
907,140,297,158,157,24806,2022-10-21 12:55:04.918,2022-10-21 12:55:05.252,0.334,medium,medium_small,0 days 01:14:53.918000,0 days 01:14:54.252000,4493.085,4495.085
908,104,257,146,153,22338,2022-10-21 12:55:20.973,2022-10-21 12:55:21.253,0.28,medium,medium_small,0 days 01:15:09.973000,0 days 01:15:10.253000,4509.112999999999,4511.112999999999
909,133,292,142,159,22578,2022-10-21 12:55:31.013,2022-10-21 12:55:31.319,0.306,medium,medium_small,0 days 01:15:20.013000,0 days 01:15:20.319000,4519.166,4521.166
910,355,528,165,173,28545,2022-10-21 12:55:37.266,2022-10-21 12:55:37.586,0.32,medium,medium_big,0 days 01:15:26.266000,0 days 01:15:26.586000,4525.4259999999995,4527.4259999999995
911,381,543,159,162,25758,2022-10-21 12:55:51.159,2022-10-21 12:55:51.586,0.427,medium,medium,0 days 01:15:40.159000,0 days 01:15:40.586000,4539.3724999999995,4541.3724999999995
912,115,293,174,178,30972,2022-10-21 12:55:54.026,2022-10-21 12:55:54.640,0.614,medium,medium_big,0 days 01:15:43.026000,0 days 01:15:43.640000,4542.3330000000005,4544.3330000000005
913,123,294,199,171,34029,2022-10-21 12:56:12.320,2022-10-21 12:56:12.747,0.427,medium,medium_big,0 days 01:16:01.320000,0 days 01:16:01.747000,4560.5335,4562.5335
914,129,293,161,164,26404,2022-10-21 12:56:16.654,2022-10-21 12:56:16.975,0.321,medium,medium,0 days 01:16:05.654000,0 days 01:16:05.975000,4564.8145,4566.8145
915,142,303,153,161,24633,2022-10-21 12:56:20.441,2022-10-21 12:56:20.787,0.346,medium,medium,0 days 01:16:09.441000,0 days 01:16:09.787000,4568.614,4570.614
916,363,525,139,162,22518,2022-10-21 12:56:42.948,2022-10-21 12:56:43.242,0.294,medium,medium,0 days 01:16:31.948000,0 days 01:16:32.242000,4591.095,4593.095
917,371,533,153,162,24786,2022-10-21 12:56:49.428,2022-10-21 12:56:49.789,0.361,medium,medium,0 days 01:16:38.428000,0 days 01:16:38.789000,4597.6085,4599.6085
918,327,504,163,177,28851,2022-10-21 12:57:01.416,2022-10-21 12:57:01.749,0.333,medium,medium_big,0 days 01:16:50.416000,0 days 01:16:50.749000,4609.5825,4611.5825
919,351,503,145,152,22040,2022-10-21 12:57:19.163,2022-10-21 12:57:19.563,0.4,medium,medium_small,0 days 01:17:08.163000,0 days 01:17:08.563000,4627.362999999999,4629.362999999999
920,346,529,168,183,30744,2022-10-21 12:57:26.123,2022-10-21 12:57:26.697,0.574,medium,medium_big,0 days 01:17:15.123000,0 days 01:17:15.697000,4634.41,4636.41
921,350,522,156,172,26832,2022-10-21 12:57:28.430,2022-10-21 12:57:28.977,0.547,medium,medium_big,0 days 01:17:17.430000,0 days 01:17:17.977000,4636.7035,4638.7035
922,322,520,204,198,40392,2022-10-21 12:57:32.497,2022-10-21 12:57:32.937,0.44,medium,medium_big,0 days 01:17:21.497000,0 days 01:17:21.937000,4640.717000000001,4642.717000000001
923,59,322,427,263,112301,2022-10-21 12:57:50.698,2022-10-21 12:57:53.151,2.453,large,large,0 days 01:17:39.698000,0 days 01:17:42.151000,4659.9245,4661.9245
924,64,303,332,239,79348,2022-10-21 12:57:54.738,2022-10-21 12:57:56.111,1.373,large,large,0 days 01:17:43.738000,0 days 01:17:45.111000,4663.4245,4665.4245
925,415,580,143,165,23595,2022-10-21 12:57:56.311,2022-10-21 12:57:56.804,0.493,medium,medium,0 days 01:17:45.311000,0 days 01:17:45.804000,4664.5575,4666.5575
926,108,273,145,165,23925,2022-10-21 12:58:03.364,2022-10-21 12:58:03.884,0.52,medium,medium,0 days 01:17:52.364000,0 days 01:17:52.884000,4671.624,4673.624
927,134,302,153,168,25704,2022-10-21 12:58:59.540,2022-10-21 12:58:59.981,0.441,medium,medium,0 days 01:18:48.540000,0 days 01:18:48.981000,4727.7605,4729.7605
928,376,542,154,166,25564,2022-10-21 12:59:07.421,2022-10-21 12:59:07.727,0.306,medium,medium,0 days 01:18:56.421000,0 days 01:18:56.727000,4735.5740000000005,4737.5740000000005
929,130,284,177,154,27258,2022-10-21 12:59:13.393,2022-10-21 12:59:13.713,0.32,medium,medium_small,0 days 01:19:02.393000,0 days 01:19:02.713000,4741.553,4743.553
930,290,540,367,250,91750,2022-10-21 12:59:32.968,2022-10-21 12:59:34.514,1.546,large,large,0 days 01:19:21.968000,0 days 01:19:23.514000,4761.741,4763.741
931,112,293,166,181,30046,2022-10-21 12:59:59.408,2022-10-21 12:59:59.808,0.4,medium,medium_big,0 days 01:19:48.408000,0 days 01:19:48.808000,4787.608,4789.608
932,79,240,158,161,25438,2022-10-21 13:00:15.836,2022-10-21 13:00:16.156,0.32,medium,medium,0 days 01:20:04.836000,0 days 01:20:05.156000,4803.996,4805.996
933,346,532,165,186,30690,2022-10-21 13:00:23.876,2022-10-21 13:00:24.196,0.32,medium,medium_big,0 days 01:20:12.876000,0 days 01:20:13.196000,4812.036,4814.036
934,108,288,162,180,29160,2022-10-21 13:00:33.596,2022-10-21 13:00:34.036,0.44,medium,medium_big,0 days 01:20:22.596000,0 days 01:20:23.036000,4821.816,4823.816
935,84,248,163,164,26732,2022-10-21 13:00:35.757,2022-10-21 13:00:36.170,0.413,medium,medium,0 days 01:20:24.757000,0 days 01:20:25.170000,4823.9635,4825.9635
936,108,289,209,181,37829,2022-10-21 13:00:37.770,2022-10-21 13:00:38.224,0.454,medium,medium_big,0 days 01:20:26.770000,0 days 01:20:27.224000,4825.997,4827.997
937,72,317,339,245,83055,2022-10-21 13:00:41.156,2022-10-21 13:00:43.224,2.068,large,large,0 days 01:20:30.156000,0 days 01:20:32.224000,4830.1900000000005,4832.1900000000005
938,110,269,155,159,24645,2022-10-21 13:00:58.917,2022-10-21 13:00:59.265,0.348,medium,medium_small,0 days 01:20:47.917000,0 days 01:20:48.265000,4847.091,4849.091
939,376,558,167,182,30394,2022-10-21 13:01:15.678,2022-10-21 13:01:16.065,0.387,medium,medium_big,0 days 01:21:04.678000,0 days 01:21:05.065000,4863.871499999999,4865.871499999999
940,132,288,177,156,27612,2022-10-21 13:01:27.878,2022-10-21 13:01:28.266,0.388,medium,medium_small,0 days 01:21:16.878000,0 days 01:21:17.266000,4876.072,4878.072
941,122,288,160,166,26560,2022-10-21 13:01:31.332,2022-10-21 13:01:31.692,0.36,medium,medium,0 days 01:21:20.332000,0 days 01:21:20.692000,4879.512000000001,4881.512000000001
942,391,567,145,176,25520,2022-10-21 13:01:39.559,2022-10-21 13:01:39.879,0.32,medium,medium_big,0 days 01:21:28.559000,0 days 01:21:28.879000,4887.719,4889.719
943,114,290,198,176,34848,2022-10-21 13:01:44.359,2022-10-21 13:01:44.799,0.44,medium,medium_big,0 days 01:21:33.359000,0 days 01:21:33.799000,4892.579,4894.579
944,106,279,164,173,28372,2022-10-21 13:02:12.787,2022-10-21 13:02:13.173,0.386,medium,medium_big,0 days 01:22:01.787000,0 days 01:22:02.173000,4920.98,4922.98
945,400,563,144,163,23472,2022-10-21 13:02:15.787,2022-10-21 13:02:16.067,0.28,medium,medium,0 days 01:22:04.787000,0 days 01:22:05.067000,4923.927,4925.927
946,141,303,164,162,26568,2022-10-21 13:02:43.228,2022-10-21 13:02:43.548,0.32,medium,medium,0 days 01:22:32.228000,0 days 01:22:32.548000,4951.388,4953.388
947,141,307,157,166,26062,2022-10-21 13:02:54.589,2022-10-21 13:02:55.201,0.612,medium,medium,0 days 01:22:43.589000,0 days 01:22:44.201000,4962.895,4964.895
948,104,278,156,174,27144,2022-10-21 13:02:56.335,2022-10-21 13:02:57.095,0.76,medium,medium_big,0 days 01:22:45.335000,0 days 01:22:46.095000,4964.715,4966.715
949,75,329,411,254,104394,2022-10-21 13:03:02.975,2022-10-21 13:03:04.669,1.694,large,large,0 days 01:22:51.975000,0 days 01:22:53.669000,4971.822,4973.822
950,118,285,193,167,32231,2022-10-21 13:03:24.296,2022-10-21 13:03:24.722,0.426,medium,medium,0 days 01:23:13.296000,0 days 01:23:13.722000,4992.509,4994.509
951,527,587,169,60,10140,2022-10-21 13:04:03.591,2022-10-21 13:04:03.777,0.186,small,small,0 days 01:23:52.591000,0 days 01:23:52.777000,5031.684,5033.684
952,396,553,150,157,23550,2022-10-21 13:04:11.817,2022-10-21 13:04:12.111,0.294,medium,medium_small,0 days 01:24:00.817000,0 days 01:24:01.111000,5039.964,5041.964
953,149,195,49,46,2254,2022-10-21 13:04:13.071,2022-10-21 13:04:13.071,0.0,small,small,0 days 01:24:02.071000,0 days 01:24:02.071000,5041.071,5043.071
954,99,257,160,158,25280,2022-10-21 13:04:13.137,2022-10-21 13:04:13.511,0.374,medium,medium_small,0 days 01:24:02.137000,0 days 01:24:02.511000,5041.3240000000005,5043.3240000000005
955,116,283,142,167,23714,2022-10-21 13:04:37.152,2022-10-21 13:04:37.485,0.333,medium,medium,0 days 01:24:26.152000,0 days 01:24:26.485000,5065.318499999999,5067.318499999999
956,386,553,146,167,24382,2022-10-21 13:04:51.273,2022-10-21 13:04:51.633,0.36,medium,medium,0 days 01:24:40.273000,0 days 01:24:40.633000,5079.4529999999995,5081.4529999999995
957,97,269,167,172,28724,2022-10-21 13:04:55.873,2022-10-21 13:04:56.259,0.386,medium,medium_big,0 days 01:24:44.873000,0 days 01:24:45.259000,5084.066,5086.066
958,371,540,155,169,26195,2022-10-21 13:05:12.540,2022-10-21 13:05:13.006,0.466,medium,medium,0 days 01:25:01.540000,0 days 01:25:02.006000,5100.773,5102.773
959,125,170,184,45,8280,2022-10-21 13:05:19.607,2022-10-21 13:05:19.714,0.107,small,small,0 days 01:25:08.607000,0 days 01:25:08.714000,5107.6605,5109.6605
960,113,157,180,44,7920,2022-10-21 13:05:20.420,2022-10-21 13:05:20.526,0.106,small,small,0 days 01:25:09.420000,0 days 01:25:09.526000,5108.473,5110.473
961,164,317,155,153,23715,2022-10-21 13:05:43.595,2022-10-21 13:05:43.847,0.252,medium,medium_small,0 days 01:25:32.595000,0 days 01:25:32.847000,5131.721,5133.721
962,308,546,337,238,80206,2022-10-21 13:06:26.742,2022-10-21 13:06:28.662,1.92,large,large,0 days 01:26:15.742000,0 days 01:26:17.662000,5175.702,5177.702
963,344,578,351,234,82134,2022-10-21 13:06:37.129,2022-10-21 13:06:38.637,1.508,large,large,0 days 01:26:26.129000,0 days 01:26:27.637000,5185.883,5187.883
964,374,544,167,170,28390,2022-10-21 13:06:42.730,2022-10-21 13:06:43.357,0.627,medium,medium,0 days 01:26:31.730000,0 days 01:26:32.357000,5191.0435,5193.0435
965,385,548,188,163,30644,2022-10-21 13:06:45.183,2022-10-21 13:06:45.877,0.694,medium,medium,0 days 01:26:34.183000,0 days 01:26:34.877000,5193.530000000001,5195.530000000001
966,114,278,154,164,25256,2022-10-21 13:07:12.224,2022-10-21 13:07:12.544,0.32,medium,medium,0 days 01:27:01.224000,0 days 01:27:01.544000,5220.384,5222.384
967,372,538,180,166,29880,2022-10-21 13:07:22.491,2022-10-21 13:07:22.864,0.373,medium,medium,0 days 01:27:11.491000,0 days 01:27:11.864000,5230.6775,5232.6775
968,351,519,180,168,30240,2022-10-21 13:07:23.758,2022-10-21 13:07:24.171,0.413,medium,medium,0 days 01:27:12.758000,0 days 01:27:13.171000,5231.9645,5233.9645
969,329,584,369,255,94095,2022-10-21 13:07:51.412,2022-10-21 13:07:52.520,1.108,large,large,0 days 01:27:40.412000,0 days 01:27:41.520000,5259.966,5261.966
970,76,317,341,241,82181,2022-10-21 13:08:35.893,2022-10-21 13:08:37.787,1.894,large,large,0 days 01:28:24.893000,0 days 01:28:26.787000,5304.84,5306.84
971,346,509,161,163,26243,2022-10-21 13:08:48.961,2022-10-21 13:08:49.294,0.333,medium,medium,0 days 01:28:37.961000,0 days 01:28:38.294000,5317.1275000000005,5319.1275000000005
972,96,269,163,173,28199,2022-10-21 13:08:58.427,2022-10-21 13:08:59.014,0.587,medium,medium_big,0 days 01:28:47.427000,0 days 01:28:48.014000,5326.720499999999,5328.720499999999
973,169,342,166,173,28718,2022-10-21 13:09:26.843,2022-10-21 13:09:27.189,0.346,medium,medium_big,0 days 01:29:15.843000,0 days 01:29:16.189000,5355.016,5357.016
974,77,250,163,173,28199,2022-10-21 13:09:47.096,2022-10-21 13:09:47.443,0.347,medium,medium_big,0 days 01:29:36.096000,0 days 01:29:36.443000,5375.2695,5377.2695
975,121,279,168,158,26544,2022-10-21 13:10:15.884,2022-10-21 13:10:16.670,0.786,medium,medium_small,0 days 01:30:04.884000,0 days 01:30:05.670000,5404.277,5406.277
976,110,264,168,154,25872,2022-10-21 13:10:24.177,2022-10-21 13:10:24.765,0.588,medium,medium_small,0 days 01:30:13.177000,0 days 01:30:13.765000,5412.471,5414.471
977,381,546,162,165,26730,2022-10-21 13:10:25.351,2022-10-21 13:10:25.697,0.346,medium,medium,0 days 01:30:14.351000,0 days 01:30:14.697000,5413.523999999999,5415.523999999999
978,367,538,190,171,32490,2022-10-21 13:10:46.525,2022-10-21 13:10:46.978,0.453,medium,medium_big,0 days 01:30:35.525000,0 days 01:30:35.978000,5434.7515,5436.7515
979,363,526,190,163,30970,2022-10-21 13:11:13.472,2022-10-21 13:11:13.886,0.414,medium,medium,0 days 01:31:02.472000,0 days 01:31:02.886000,5461.679,5463.679
980,361,532,156,171,26676,2022-10-21 13:11:15.032,2022-10-21 13:11:15.446,0.414,medium,medium_big,0 days 01:31:04.032000,0 days 01:31:04.446000,5463.239,5465.239
